Rk;Player;Pos;Age;Tm;g;mp_per_g;pts_per_g;trb_per_g;ast_per_g;stl_per_g;blk_per_g;fg_pct;fg3_pct;ft_pct;GS;MP;FG;FGA;FG%;3P;3PA;3P%;2P;2PA;2P%;eFG%;FT;FTA;FT%;ORB;DRB;TRB;AST;STL;BLK;TOV;PF;PTS
1;Steven Adams\adamsst01;C;26;OKC;34;28.29411765;11.91176471;10.29411765;2.705882353;0.647058824;1.176470588;.610;.000;.558;34;962;169;277;.610;0;1;.000;169;276;.612;.610;67;120;.558;128;222;350;92;22;40;51;66;405
2;Bam Adebayo\adebaba01;C;22;MIA;36;34.44444444;15.63888889;10.63888889;4.472222222;1.333333333;1.222222222;.580;.111;.677;36;1240;213;367;.580;1;9;.111;212;358;.592;.582;136;201;.677;96;287;383;161;48;44;104;96;563
3;LaMarcus Aldridge\aldrila01;C;34;SAS;33;33;19.3030303;7.757575758;2.393939394;0.575757576;1.878787879;.509;.459;.851;33;1089;253;497;.509;34;74;.459;219;423;.518;.543;97;114;.851;71;185;256;79;19;62;44;78;637
4;Nickeil Alexander-Walker\alexani01;SG;21;NOP;28;12.71428571;5.535714286;2.142857143;1.714285714;0.321428571;0.142857143;.341;.345;.611;0;356;57;167;.341;30;87;.345;27;80;.338;.431;11;18;.611;4;56;60;48;9;4;27;33;155
5;Grayson Allen\allengr01;SG;24;MEM;23;16.86956522;7.782608696;2.217391304;1.347826087;0.217391304;0.043478261;.441;.387;.889;0;388;63;143;.441;29;75;.387;34;68;.500;.542;24;27;.889;3;48;51;31;5;1;20;32;179
6;Jarrett Allen\allenja01;C;21;BRK;36;26.58333333;11.55555556;9.805555556;1.25;0.722222222;1.333333333;.648;.000;.649;32;957;160;247;.648;0;3;.000;160;244;.656;.648;96;148;.649;119;234;353;45;26;48;42;89;416
7;Kadeem Allen\allenka01;SG;27;NYK;4;10.5;4.5;0.75;2;0.5;0;.389;.500;.333;0;42;7;18;.389;3;6;.500;4;12;.333;.472;1;3;.333;1;2;3;8;2;0;5;3;18
8;Al-Farouq Aminu\aminual01;PF;29;ORL;18;21.11111111;4.333333333;4.833333333;1.166666667;1;0.444444444;.291;.250;.655;2;380;25;86;.291;9;36;.250;16;50;.320;.343;19;29;.655;24;63;87;21;18;8;17;27;78
9;Justin Anderson\anderju01;G;26;BRK;1;2;2;0;0;0;0;1000;;;0;2;1;1;1.000;0;0;;1;1;1.000;1.000;0;0;;0;0;0;0;0;0;0;0;2
10;Kyle Anderson\anderky01;PF;26;MEM;32;17.34375;5;4.03125;2.28125;0.65625;0.4375;.457;.231;.634;2;555;64;140;.457;6;26;.231;58;114;.509;.479;26;41;.634;33;96;129;73;21;14;27;46;160
11;Ryan Anderson\anderry01;PF;31;HOU;2;7;2.5;3.5;1;0.5;0;.286;.200;;0;14;2;7;.286;1;5;.200;1;2;.500;.357;0;0;;0;7;7;2;1;0;1;1;5
12;Giannis Antetokounmpo\antetgi01;PF;25;MIL;35;30.97142857;30.22857143;12.8;5.571428571;1.257142857;1.142857143;.553;.326;.615;35;1084;390;705;.553;59;181;.326;331;524;.632;.595;219;356;.615;88;360;448;195;44;40;121;109;1058
13;Kostas Antetokounmpo\antetko01;PF;22;LAL;2;1.5;0;0.5;0;0;0;;;;0;3;0;0;;0;0;;0;0;;;0;0;;0;1;1;0;0;0;0;0;0
14;Thanasis Antetokounmpo\antetth01;SF;27;MIL;11;4.272727273;2;0.545454545;0.545454545;0.090909091;0.090909091;.563;.000;.500;0;47;9;16;.563;0;2;.000;9;14;.643;.563;4;8;.500;5;1;6;6;1;1;4;6;22
15;Carmelo Anthony\anthoca01;PF;35;POR;23;31.86956522;16.47826087;6.043478261;1.260869565;1.086956522;0.652173913;.435;.411;.812;23;733;143;329;.435;37;90;.411;106;239;.444;.491;56;69;.812;24;115;139;29;25;15;42;72;379
16;OG Anunoby\anunoog01;SF;22;TOR;36;29.80555556;10.86111111;5.861111111;1.611111111;1.055555556;0.75;.489;.360;.625;35;1073;156;319;.489;49;136;.360;107;183;.585;.566;30;48;.625;38;173;211;58;38;27;47;90;391
17;Ryan Arcidiacono\arcidry01;PG;25;CHI;34;15.02941176;4;1.705882353;1.529411765;0.411764706;0.058823529;.385;.406;.750;0;511;45;117;.385;28;69;.406;17;48;.354;.504;18;24;.750;14;44;58;52;14;2;18;55;136
18;Trevor Ariza\arizatr01;SF;34;SAC;29;24.51724138;6.068965517;4.586206897;1.482758621;1.068965517;0.24137931;.392;.370;.800;0;711;58;148;.392;40;108;.370;18;40;.450;.527;20;25;.800;20;113;133;43;31;7;26;55;176
19;D.J. Augustin\augusdj01;PG;32;ORL;37;26.08108108;10.62162162;2.405405405;4.864864865;0.72972973;0.027027027;.397;.344;.888;6;965;123;310;.397;44;128;.344;79;182;.434;.468;103;116;.888;14;75;89;180;27;1;51;41;393
20;Deandre Ayton\aytonde01;C;21;PHO;7;30.85714286;15.42857143;11.85714286;2.285714286;0.428571429;1.428571429;.532;.000;.800;5;216;50;94;.532;0;1;.000;50;93;.538;.532;8;10;.800;26;57;83;16;3;10;11;24;108
21;Dwayne Bacon\bacondw01;SG;24;CHO;29;17.27586207;5.965517241;2.448275862;1.206896552;0.655172414;0.068965517;.332;.264;.690;10;501;65;196;.332;14;53;.264;51;143;.357;.367;29;42;.690;12;59;71;35;19;2;25;37;173
22;Marvin Bagley\baglema01;PF;20;SAC;9;23.55555556;13.66666667;6.888888889;0.666666667;0.444444444;0.888888889;.459;.214;.800;3;212;50;109;.459;3;14;.214;47;95;.495;.472;20;25;.800;18;44;62;6;4;8;13;26;123
23;Lonzo Ball\balllo01;PG;22;NOP;29;28.96551724;12.06896552;5.137931034;5.482758621;1.24137931;0.24137931;.409;.366;.514;20;840;132;323;.409;67;183;.366;65;140;.464;.512;19;37;.514;35;114;149;159;36;7;72;55;350
24;Mo Bamba\bambamo01;C;21;ORL;33;15.48484848;5.727272727;5.272727273;0.636363636;0.333333333;1.333333333;.450;.333;.650;0;511;77;171;.450;22;66;.333;55;105;.524;.515;13;20;.650;48;126;174;21;11;44;31;62;189
25;J.J. Barea\bareajo01;PG;35;DAL;11;16.27272727;9;1.818181818;3.454545455;0.272727273;0.090909091;.443;.444;1.000;3;179;39;88;.443;16;36;.444;23;52;.442;.534;5;5;1.000;4;16;20;38;3;1;15;6;99
26;Harrison Barnes\barneha02;PF;27;SAC;38;34.97368421;15.31578947;4.894736842;2.210526316;0.657894737;0.157894737;.446;.354;.798;38;1329;196;439;.446;52;147;.354;144;292;.493;.506;138;173;.798;36;150;186;84;25;6;50;47;582
27;RJ Barrett\barrerj01;SG;19;NYK;36;31.52777778;13.88888889;5.222222222;2.527777778;1.027777778;0.416666667;.393;.310;.572;36;1135;187;476;.393;39;126;.310;148;350;.423;.434;87;152;.572;39;149;188;91;37;15;80;83;500
28;Will Barton\bartowi01;SF;29;DEN;34;33.08823529;14.82352941;6.970588235;3.676470588;1.088235294;0.441176471;.456;.361;.753;34;1125;195;428;.456;53;147;.361;142;281;.505;.518;61;81;.753;56;181;237;125;37;15;47;73;504
29;Keita Bates-Diop\bateske01;SF;24;MIN;24;18.08333333;6.916666667;2.791666667;0.5;0.5;0.416666667;.425;.369;.718;0;434;57;134;.425;24;65;.369;33;69;.478;.515;28;39;.718;11;56;67;12;12;10;9;23;166
30;Nicolas Batum\batumni01;SF;31;CHO;16;22.3125;3.5625;4.0625;3;0.8125;0.5;.370;.306;1.000;2;357;20;54;.370;11;36;.306;9;18;.500;.472;6;6;1.000;18;47;65;48;13;8;19;32;57
31;Aron Baynes\baynear01;C;33;PHO;28;24.10714286;12.5;6.035714286;2.035714286;0.214285714;0.607142857;.502;.348;.717;22;675;136;271;.502;40;115;.348;96;156;.615;.576;38;53;.717;46;123;169;57;6;17;34;106;350
32;Kent Bazemore\bazemke01;SF;30;POR;38;25.23684211;7.894736842;3.947368421;1.342105263;0.947368421;0.736842105;.355;.349;.804;16;959;102;287;.355;51;146;.349;51;141;.362;.444;45;56;.804;11;139;150;51;36;28;52;106;300
33;Darius Bazley\bazleda01;PF;19;OKC;37;17.05405405;4.27027027;3.810810811;0.486486486;0.378378378;0.648648649;.356;.325;.654;6;631;57;160;.356;27;83;.325;30;77;.390;.441;17;26;.654;13;128;141;18;14;24;32;37;158
34;Bradley Beal\bealbr01;SG;26;WAS;31;36.4516129;27.80645161;4.806451613;6.612903226;1.064516129;0.322580645;.435;.315;.831;31;1130;293;673;.435;79;251;.315;214;422;.507;.494;197;237;.831;35;114;149;205;33;10;103;76;862
35;Malik Beasley\beaslma01;SG;23;DEN;27;16.03703704;6.962962963;1.444444444;0.925925926;0.481481481;0.148148148;.406;.398;.818;0;433;71;175;.406;37;93;.398;34;82;.415;.511;9;11;.818;6;33;39;25;13;4;22;30;188
36;Marco Belinelli\belinma01;SG;33;SAS;31;16.06451613;5.709677419;1.64516129;1.258064516;0.225806452;0;.356;.344;.733;0;498;62;174;.356;31;90;.344;31;84;.369;.445;22;30;.733;1;50;51;39;7;0;13;25;177
37;Jordan Bell\belljo01;C;25;MIN;22;9.363636364;3.227272727;3.090909091;0.590909091;0.090909091;0.409090909;.509;.143;.640;0;206;27;53;.509;1;7;.143;26;46;.565;.519;16;25;.640;25;43;68;13;2;9;17;14;71
38;DeAndre' Bembry\bembrde01;SG;25;ATL;36;21.88888889;6.027777778;3.805555556;2;1.222222222;0.444444444;.467;.231;.512;4;788;92;197;.467;12;52;.231;80;145;.552;.497;21;41;.512;31;106;137;72;44;16;48;67;217
39;Dragan Bender\bendedr01;SF;22;MIL;3;9.666666667;5;0.666666667;1;0;0.666666667;.750;.500;1.000;0;29;6;8;.750;2;4;.500;4;4;1.000;.875;1;1;1.000;0;2;2;3;0;2;1;6;15
40;Dāvis Bertāns\bertada01;PF;27;WAS;28;29.96428571;15.39285714;4.928571429;1.714285714;0.642857143;0.642857143;.449;.434;.894;4;839;142;316;.449;105;242;.434;37;74;.500;.616;42;47;.894;25;113;138;48;18;18;22;72;431
41;Patrick Beverley\beverpa01;PG;31;LAC;30;28.96666667;7.966666667;6;3.366666667;1.366666667;0.633333333;.414;.323;.593;30;869;91;220;.414;41;127;.323;50;93;.538;.507;16;27;.593;39;141;180;101;41;19;37;99;239
42;Khem Birch\birchkh01;C;27;ORL;23;21.17391304;3.782608696;4.869565217;1.043478261;0.47826087;0.695652174;.486;.000;.500;12;487;34;70;.486;0;1;.000;34;69;.493;.486;19;38;.500;42;70;112;24;11;16;14;51;87
43;Goga Bitadze\bitadgo01;C;20;IND;28;9.821428571;3.142857143;2.428571429;0.535714286;0.035714286;0.857142857;.459;.211;.696;2;275;34;74;.459;4;19;.211;30;55;.545;.486;16;23;.696;19;49;68;15;1;24;14;42;88
44;Bismack Biyombo\biyombi01;C;27;CHO;37;19.48648649;8;5.864864865;0.837837838;0.189189189;0.756756757;.563;;.604;22;721;116;206;.563;0;0;;116;206;.563;.563;64;106;.604;86;131;217;31;7;28;28;80;296
45;Nemanja Bjelica\bjeline01;PF;31;SAC;38;26.78947368;11.65789474;6.236842105;2.447368421;0.868421053;0.605263158;.468;.418;.837;35;1018;168;359;.468;71;170;.418;97;189;.513;.567;36;43;.837;58;179;237;93;33;23;60;116;443
46;Eric Bledsoe\bledser01;PG;30;MIL;30;25.96666667;14.83333333;4.7;5.433333333;0.9;0.5;.481;.361;.813;30;779;166;345;.481;39;108;.361;127;237;.536;.538;74;91;.813;24;117;141;163;27;15;69;66;445
47;Bogdan Bogdanović\bogdabo01;SG;27;SAC;30;28.06666667;14.46666667;2.966666667;3.6;1.066666667;0.266666667;.426;.383;.661;0;842;158;371;.426;79;206;.383;79;165;.479;.532;39;59;.661;10;79;89;108;32;8;61;61;434
48;Bojan Bogdanović\bogdabo02;SF;30;UTA;35;33.54285714;20.88571429;4.4;2;0.657142857;0.114285714;.439;.418;.895;35;1174;237;540;.439;104;249;.418;133;291;.457;.535;153;171;.895;24;130;154;70;23;4;99;67;731
49;Jonah Bolden\boldejo01;PF;24;PHI;2;2.5;1;0;0;0.5;0;1000;;.000;0;5;1;1;1.000;0;0;;1;1;1.000;1.000;0;2;.000;0;0;0;0;1;0;1;0;2
50;Jordan Bone\bonejo01;PG;22;DET;3;2;1.333333333;0;0;0;0;.400;.000;;0;6;2;5;.400;0;1;.000;2;4;.500;.400;0;0;;0;0;0;0;0;0;2;2;4
51;Isaac Bonga\bongais01;SF;20;WAS;31;16.16129032;4.096774194;2.935483871;1.032258065;0.612903226;0.258064516;.505;.286;.750;20;501;47;93;.505;6;21;.286;41;72;.569;.538;27;36;.750;29;62;91;32;19;8;17;65;127
52;Devin Booker\bookede01;SG;23;PHO;34;36.05882353;26.23529412;3.823529412;6.470588235;0.676470588;0.235294118;.510;.358;.914;34;1226;314;616;.510;62;173;.358;252;443;.569;.560;202;221;.914;21;109;130;220;23;8;129;103;892
53;Chris Boucher\bouchch01;PF;27;TOR;34;13.29411765;6.294117647;4.617647059;0.411764706;0.323529412;0.911764706;.462;.333;.725;0;452;73;158;.462;18;54;.333;55;104;.529;.519;50;69;.725;70;87;157;14;11;31;14;57;214
54;Brian Bowen\bowenbr02;SG;21;IND;3;3.333333333;0.666666667;0.333333333;0;0;0.333333333;.250;.000;;0;10;1;4;.250;0;1;.000;1;3;.333;.250;0;0;;0;1;1;0;0;1;0;0;2
55;Ky Bowman\bowmaky01;PG;22;GSW;34;22.61764706;7.705882353;2.647058824;2.882352941;0.941176471;0.147058824;.418;.366;.889;8;769;104;249;.418;30;82;.366;74;167;.443;.478;24;27;.889;17;73;90;98;32;5;44;77;262
56;Avery Bradley\bradlav01;SG;29;LAL;23;24;8.130434783;2.434782609;1.173913043;0.956521739;0.086956522;.455;.262;.750;18;552;81;178;.455;16;61;.262;65;117;.556;.500;9;12;.750;13;43;56;27;22;2;27;54;187
57;Tony Bradley\bradlto01;C;22;UTA;25;9.44;4.2;3.52;0.28;0.12;0.52;.600;;.625;2;236;45;75;.600;0;0;;45;75;.600;.600;15;24;.625;34;54;88;7;3;13;11;46;105
58;Jarrell Brantley\brantja01;PF;23;UTA;2;4.5;0;2;0.5;0;1;;;;0;9;0;0;;0;0;;0;0;;;0;0;;0;4;4;1;0;2;1;1;0
59;Ignas Brazdeikis\brazdig01;SF;21;NYK;8;6;1.75;0.625;0.25;0;0.125;.250;.125;.750;0;48;5;20;.250;1;8;.125;4;12;.333;.275;3;4;.750;2;3;5;2;0;1;2;3;14
60;Mikal Bridges\bridgmi01;SF;23;PHO;37;22.18918919;6.864864865;3.891891892;1.297297297;1.351351351;0.378378378;.495;.290;.825;3;821;92;186;.495;18;62;.290;74;124;.597;.543;52;63;.825;31;113;144;48;50;14;31;76;254
61;Miles Bridges\bridgmi02;SF;21;CHO;39;30.51282051;12.12820513;5.512820513;1.846153846;0.58974359;0.717948718;.441;.348;.803;39;1190;182;413;.441;56;161;.348;126;252;.500;.508;53;66;.803;48;167;215;72;23;28;62;85;473
62;Oshae Brissett\brissos01;SF;21;TOR;11;9.090909091;2.727272727;1.727272727;0.363636364;0.272727273;0.090909091;.440;.333;.833;0;100;11;25;.440;3;9;.333;8;16;.500;.500;5;6;.833;8;11;19;4;3;1;3;11;30
63;Ryan Broekhoff\broekry01;SG;29;DAL;10;7.7;3.7;1.4;0.4;0.2;0.1;.440;.500;.833;0;77;11;25;.440;10;20;.500;1;5;.200;.640;5;6;.833;1;13;14;4;2;1;2;7;37
64;Malcolm Brogdon\brogdma01;PG;27;IND;27;30.51851852;17.66666667;4.37037037;7.407407407;0.851851852;0.185185185;.446;.333;.933;27;824;171;383;.446;37;111;.333;134;272;.493;.495;98;105;.933;17;101;118;200;23;5;72;55;477
65;Dillon Brooks\brookdi01;SG;24;MEM;38;27.86842105;14.92105263;3.315789474;2;1;0.315789474;.412;.384;.838;38;1059;204;495;.412;76;198;.384;128;297;.431;.489;83;99;.838;36;90;126;76;38;12;64;147;567
66;Bruce Brown\brownbr01;SG;23;DET;37;27.13513514;8.594594595;4.405405405;3.837837838;1.189189189;0.486486486;.440;.328;.684;28;1004;122;277;.440;20;61;.328;102;216;.472;.477;54;79;.684;35;128;163;142;44;18;66;101;318
67;Charlie Brown\brownch02;SG;22;ATL;4;4;1.75;0.75;0;0;0.25;.333;1000;1.000;0;16;1;3;.333;1;1;1.000;0;2;.000;.500;4;4;1.000;2;1;3;0;0;1;0;0;7
68;Jaylen Brown\brownja02;SF;23;BOS;30;33.63333333;20.7;7.233333333;2.333333333;1.066666667;0.3;.511;.395;.765;30;1009;228;446;.511;64;162;.395;164;284;.577;.583;101;132;.765;32;185;217;70;32;9;69;89;621
69;Moses Brown\brownmo01;C;20;POR;6;3.5;1.666666667;1.666666667;0;0.166666667;0;.444;;.500;0;21;4;9;.444;0;0;;4;9;.444;.444;2;4;.500;2;8;10;0;1;0;2;4;10
70;Sterling Brown\brownst02;SF;24;MIL;27;15.81481481;5.185185185;3.703703704;1;0.62962963;0.111111111;.383;.328;.741;0;427;49;128;.383;22;67;.328;27;61;.443;.469;20;27;.741;15;85;100;27;17;3;26;31;140
71;Troy Brown\browntr01;SG;20;WAS;33;25.36363636;10.03030303;5.818181818;2.121212121;1.333333333;0.121212121;.454;.307;.781;14;837;129;284;.454;23;75;.307;106;209;.507;.495;50;64;.781;41;151;192;70;44;4;39;62;331
72;Jalen Brunson\brunsja01;PG;23;DAL;36;17.38888889;7.722222222;2.5;3.361111111;0.416666667;0.055555556;.468;.333;.756;8;626;110;235;.468;27;81;.333;83;154;.539;.526;31;41;.756;18;72;90;121;15;2;41;46;278
73;Thomas Bryant\bryanth01;C;22;WAS;18;28.38888889;13.94444444;8.5;2.666666667;0.444444444;1;.549;.286;.736;18;511;101;184;.549;10;35;.286;91;149;.611;.576;39;53;.736;42;111;153;48;8;18;24;44;251
74;Reggie Bullock\bullore01;G-F;28;NYK;4;21.5;9;1.25;1;1.75;0;.441;.375;;1;86;15;34;.441;6;16;.375;9;18;.500;.529;0;0;;2;3;5;4;7;0;0;9;36
75;Trey Burke\burketr01;PG;27;PHI;19;14.94736842;7.263157895;1.631578947;2.473684211;0.368421053;0.052631579;.495;.469;.765;0;284;55;111;.495;15;32;.469;40;79;.506;.563;13;17;.765;13;18;31;47;7;1;11;18;138
76;Alec Burks\burksal01;SG;28;GSW;35;29.11428571;15.8;4.485714286;3.028571429;1.228571429;0.314285714;.423;.364;.889;14;1019;181;428;.423;55;151;.364;126;277;.455;.487;136;153;.889;25;132;157;106;43;11;54;77;553
77;Deonte Burton\burtode02;SG;26;OKC;20;8.6;2.25;1.4;0.45;0.1;0.2;.316;.179;.571;0;172;18;57;.316;5;28;.179;13;29;.448;.360;4;7;.571;5;23;28;9;2;4;6;18;45
78;Jimmy Butler\butleji01;SF;30;MIA;31;35.35483871;20.41935484;6.903225806;6.612903226;2.032258065;0.548387097;.429;.270;.821;31;1096;181;422;.429;24;89;.270;157;333;.471;.457;247;301;.821;65;149;214;205;63;17;81;41;633
79;Bruno Caboclo\cabocbr01;SF;24;MEM;21;9.047619048;2.952380952;2.095238095;0.476190476;0.476190476;0.571428571;.412;.160;.667;0;190;28;68;.412;4;25;.160;24;43;.558;.441;2;3;.667;17;27;44;10;10;12;7;23;62
80;Kentavious Caldwell-Pope\caldwke01;SG;26;LAL;37;25.24324324;9.297297297;2.108108108;1.72972973;0.810810811;0.189189189;.466;.433;.792;19;934;125;268;.466;52;120;.433;73;148;.493;.563;42;53;.792;22;56;78;64;30;7;34;68;344
81;Vlatko Čančar\cancavl01;SF;22;DEN;5;1.8;0.4;0.2;0.4;0;0;.000;;1.000;0;9;0;1;.000;0;0;;0;1;.000;.000;2;2;1.000;1;0;1;2;0;0;0;0;2
82;Clint Capela\capelca01;C;25;HOU;29;33.55172414;14.48275862;14.20689655;1.206896552;1;1.827586207;.645;;.512;29;973;189;293;.645;0;0;;189;293;.645;.645;42;82;.512;114;298;412;35;29;53;46;79;420
83;DeMarre Carroll\carrode01;SF;33;SAS;14;9.5;2.285714286;2.142857143;0.785714286;0.142857143;0.142857143;.310;.231;.611;0;133;9;29;.310;3;13;.231;6;16;.375;.362;11;18;.611;7;23;30;11;2;2;10;19;32
84;Jevon Carter\carteje01;PG;24;PHO;24;13.625;3.416666667;1.916666667;1.541666667;0.833333333;0.291666667;.366;.348;.750;2;327;30;82;.366;16;46;.348;14;36;.389;.463;6;8;.750;11;35;46;37;20;7;19;35;82
85;Vince Carter\cartevi01;SF;43;ATL;30;15.86666667;5;2;1.066666667;0.266666667;0.4;.329;.275;.706;0;476;54;164;.329;30;109;.275;24;55;.436;.421;12;17;.706;6;54;60;32;8;12;18;51;150
86;Wendell Carter\cartewe01;C;20;CHI;37;29.97297297;11.7027027;9.891891892;1.189189189;0.810810811;0.891891892;.537;.214;.736;37;1109;166;309;.537;6;28;.214;160;281;.569;.547;95;129;.736;130;236;366;44;30;33;62;142;433
87;Michael Carter-Williams\cartemi01;SG;28;ORL;19;16.31578947;5.210526316;3.157894737;2;1.052631579;0.421052632;.376;.233;.710;0;310;35;93;.376;7;30;.233;28;63;.444;.414;22;31;.710;18;42;60;38;20;8;17;27;99
88;Alex Caruso\carusal01;PG;25;LAL;34;19.44117647;5.5;2.029411765;1.705882353;1.058823529;0.235294118;.432;.323;.744;0;661;67;155;.432;21;65;.323;46;90;.511;.500;32;43;.744;10;59;69;58;36;8;30;53;187
89;Willie Cauley-Stein\caulewi01;C;26;GSW;33;23.15151515;8.060606061;6.212121212;1.484848485;1.212121212;1.363636364;.563;;.605;32;764;120;213;.563;0;0;;120;213;.563;.563;26;43;.605;54;151;205;49;40;45;31;87;266
90;Tyson Chandler\chandty01;C;37;HOU;22;8.727272727;1.545454545;2.772727273;0.272727273;0.272727273;0.363636364;.778;;.462;5;192;14;18;.778;0;0;;14;18;.778;.778;6;13;.462;22;39;61;6;6;8;7;26;34
91;Wilson Chandler\chandwi01;SF;32;BRK;11;20.54545455;6.181818182;4.818181818;1.363636364;0.636363636;0.454545455;.443;.219;.875;0;226;27;61;.443;7;32;.219;20;29;.690;.500;7;8;.875;3;50;53;15;7;5;14;23;68
92;Zylan Cheatham\cheatzy01;SF;24;NOP;2;10;1;1.5;0.5;0;0;.250;.000;;0;20;1;4;.250;0;1;.000;1;3;.333;.250;0;0;;0;3;3;1;0;0;1;3;2
93;Chris Chiozza\chiozch01;PG;24;WAS;10;12.3;2.7;1.5;2.8;1;0.2;.294;.438;;0;123;10;34;.294;7;16;.438;3;18;.167;.397;0;0;;0;15;15;28;10;2;9;12;27
94;Marquese Chriss\chrisma01;PF;22;GSW;37;17.7027027;7.351351351;5.432432432;1.891891892;0.594594595;0.891891892;.485;.227;.760;3;655;97;200;.485;5;22;.227;92;178;.517;.498;73;96;.760;69;132;201;70;22;33;52;72;272
95;Gary Clark\clarkga01;PF;25;HOU;18;11.77777778;3.888888889;2.222222222;0.666666667;0.111111111;0.388888889;.390;.353;.857;0;212;23;59;.390;18;51;.353;5;8;.625;.542;6;7;.857;11;29;40;12;2;7;2;21;70
96;Brandon Clarke\clarkbr01;PF;23;MEM;32;21.1875;12.375;5.5625;1.34375;0.40625;0.84375;.635;.421;.778;2;678;169;266;.635;16;38;.421;153;228;.671;.665;42;54;.778;42;136;178;43;13;27;31;50;396
97;Jordan Clarkson\clarkjo01;SG;27;TOT;35;23.2;14.45714286;2.257142857;2.171428571;0.542857143;0.314285714;.445;.378;.850;0;812;174;391;.445;73;193;.378;101;198;.510;.538;85;100;.850;23;56;79;76;19;11;44;45;506
97;Jordan Clarkson\clarkjo01;SG;27;CLE;29;22.96551724;14.5862069;2.379310345;2.413793103;0.586206897;0.275862069;.442;.371;.884;0;666;144;326;.442;59;159;.371;85;167;.509;.532;76;86;.884;21;48;69;70;17;8;39;33;423
97;Jordan Clarkson\clarkjo01;G;27;UTA;6;24.33333333;13.83333333;1.666666667;1;0.333333333;0.5;.462;.412;.643;0;146;30;65;.462;14;34;.412;16;31;.516;.569;9;14;.643;2;8;10;6;2;3;5;12;83
98;Nicolas Claxton\claxtni01;PF;20;BRK;10;12;2.7;2.2;1.1;0.1;0.5;.500;.000;.417;0;120;11;22;.500;0;5;.000;11;17;.647;.500;5;12;.417;8;14;22;11;1;5;6;10;27
99;Chris Clemons\clemoch01;SG;22;HOU;22;9.136363636;5.227272727;0.727272727;0.727272727;0.272727273;0.181818182;.427;.390;.750;0;201;41;96;.427;30;77;.390;11;19;.579;.583;3;4;.750;2;14;16;16;6;4;12;18;115
100;Amir Coffey\coffeam01;G;22;LAC;2;2.5;2.5;0;0.5;0;0;.667;.500;;0;5;2;3;.667;1;2;.500;1;1;1.000;.833;0;0;;0;0;0;1;0;0;0;1;5
101;John Collins\collijo01;PF;22;ATL;11;30.72727273;18;9.272727273;1.727272727;0.909090909;1.818181818;.513;.362;.793;11;338;79;154;.513;17;47;.362;62;107;.579;.568;23;29;.793;21;81;102;19;10;20;19;35;198
102;Zach Collins\colliza01;PF;22;POR;3;28.66666667;9;4;2;0;0.666666667;.474;.429;1.000;3;86;9;19;.474;3;7;.429;6;12;.500;.553;6;6;1.000;4;8;12;6;0;2;6;11;27
103;Mike Conley\conlemi01;PG;32;UTA;22;29.40909091;13.59090909;3.318181818;4.636363636;0.727272727;0.181818182;.365;.360;.803;22;647;99;271;.365;40;111;.360;59;160;.369;.439;61;76;.803;16;57;73;102;16;4;45;48;299
104;Pat Connaughton\connapa01;SG;27;MIL;35;17.97142857;5.057142857;4.314285714;1.885714286;0.342857143;0.542857143;.439;.309;.696;0;629;68;155;.439;25;81;.309;43;74;.581;.519;16;23;.696;24;127;151;66;12;19;28;37;177
105;Quinn Cook\cookqu01;PG;26;LAL;23;12.60869565;4.565217391;1.086956522;1.391304348;0.260869565;0.043478261;.415;.333;.800;0;290;44;106;.415;13;39;.333;31;67;.463;.476;4;5;.800;4;21;25;32;6;1;19;14;105
106;Tyler Cook\cookty01;PF;22;CLE;6;2.833333333;2;0.833333333;0;0.166666667;0;.833;;1.000;0;17;5;6;.833;0;0;;5;6;.833;.833;2;2;1.000;3;2;5;0;1;0;1;1;12
107;Robert Covington\covinro01;PF;29;MIN;35;28.82857143;12.48571429;5.771428571;1.2;1.571428571;0.914285714;.440;.349;.833;34;1009;151;343;.440;75;215;.349;76;128;.594;.550;60;72;.833;25;177;202;42;55;32;54;106;437
108;Allen Crabbe\crabbal01;SG;27;ATL;24;18.70833333;5.5;2.291666667;1;0.541666667;0.125;.375;.321;.750;1;449;48;128;.375;27;84;.321;21;44;.477;.480;9;12;.750;8;47;55;24;13;3;11;30;132
109;Torrey Craig\craigto01;SF;29;DEN;24;12.29166667;2.791666667;2.041666667;0.625;0.291666667;0.541666667;.382;.235;.538;3;295;26;68;.382;8;34;.235;18;34;.529;.441;7;13;.538;14;35;49;15;7;13;9;44;67
110;Jae Crowder\crowdja01;SF;29;MEM;36;30.66666667;10.72222222;6.166666667;3.027777778;1;0.388888889;.381;.308;.773;36;1104;129;339;.381;70;227;.308;59;112;.527;.484;58;75;.773;33;189;222;109;36;14;46;74;386
111;Jarrett Culver\culveja01;SG;20;MIN;35;23.45714286;8.885714286;3.428571429;2;1.085714286;0.657142857;.378;.254;.438;22;821;123;325;.378;33;130;.254;90;195;.462;.429;32;73;.438;43;77;120;70;38;23;43;79;311
112;Seth Curry\curryse01;SG;29;DAL;34;22.23529412;10;2;1.735294118;0.558823529;0.176470588;.449;.388;.938;9;756;118;263;.449;59;152;.388;59;111;.532;.561;45;48;.938;15;53;68;59;19;6;37;60;340
113;Stephen Curry\curryst01;PG;31;GSW;4;28;20.25;5;6.5;1.25;0.5;.409;.243;1.000;4;112;27;66;.409;9;37;.243;18;29;.621;.477;18;18;1.000;4;16;20;26;5;2;15;10;81
114;Troy Daniels\danietr01;SG;28;LAL;27;11.96296296;4.074074074;1.037037037;0.333333333;0.259259259;0.074074074;.385;.347;.571;0;323;40;104;.385;26;75;.347;14;29;.483;.510;4;7;.571;4;24;28;9;7;2;7;18;110
115;Anthony Davis\davisan02;PF;26;LAL;35;35.17142857;27.08571429;9.4;3.228571429;1.542857143;2.571428571;.504;.297;.859;35;1231;330;655;.504;38;128;.297;292;527;.554;.533;250;291;.859;78;251;329;113;54;90;84;89;948
116;Ed Davis\davised01;C;30;UTA;19;11.52631579;1.368421053;4.263157895;0.421052632;0.473684211;0.421052632;.393;;.444;0;219;11;28;.393;0;0;;11;28;.393;.393;4;9;.444;21;60;81;8;9;8;12;46;26
117;Terence Davis\daviste02;SG;22;TOR;37;16.51351351;6.756756757;3;1.783783784;0.513513514;0.189189189;.464;.391;.931;0;611;90;194;.464;43;110;.391;47;84;.560;.575;27;29;.931;24;87;111;66;19;7;35;54;250
118;Dewayne Dedmon\dedmode01;C;30;SAC;24;14.33333333;5.083333333;4.083333333;0.375;0.375;0.5;.420;.231;.842;4;344;47;112;.420;12;52;.231;35;60;.583;.473;16;19;.842;28;70;98;9;9;12;35;59;122
119;Matthew Dellavedova\dellama01;PG;29;CLE;35;13.05714286;2.714285714;1.342857143;2.742857143;0.4;0.028571429;.314;.138;.955;0;457;33;105;.314;8;58;.138;25;47;.532;.352;21;22;.955;12;35;47;96;14;1;28;57;95
120;DeMar DeRozan\derozde01;SF;30;SAS;35;33.85714286;21.71428571;5.142857143;4.942857143;0.942857143;0.342857143;.530;.304;.813;35;1185;296;559;.530;7;23;.304;289;536;.539;.536;161;198;.813;20;160;180;173;33;12;87;99;760
121;Cheick Diallo\diallch01;C;23;PHO;23;9.347826087;4.826086957;2.695652174;0.52173913;0.130434783;0.173913043;.667;1000;.857;0;215;46;69;.667;1;1;1.000;45;68;.662;.674;18;21;.857;15;47;62;12;3;4;12;23;111
122;Hamidou Diallo\diallha01;SF;21;OKC;17;20.17647059;8;3.470588235;0.705882353;1.176470588;0.294117647;.463;.188;.677;1;343;56;121;.463;3;16;.188;53;105;.505;.475;21;31;.677;16;43;59;12;20;5;16;40;136
123;Gorgui Dieng\dienggo01;C;30;MIN;32;17.96875;7.53125;5.78125;1.3125;0.90625;1.03125;.439;.358;.800;13;575;86;196;.439;29;81;.358;57;115;.496;.513;40;50;.800;52;133;185;42;29;33;29;63;241
124;Spencer Dinwiddie\dinwisp01;SG;26;BRK;36;30.83333333;22.41666667;3.138888889;6.194444444;0.75;0.361111111;.420;.289;.795;25;1110;267;635;.420;67;232;.289;200;403;.496;.473;206;259;.795;11;102;113;223;27;13;103;117;807
125;Donte DiVincenzo\divindo01;SG;23;MIL;34;22.55882353;8.352941176;4.617647059;2.264705882;1.470588235;0.235294118;.440;.322;.805;20;767;107;243;.440;37;115;.322;70;128;.547;.516;33;41;.805;31;126;157;77;50;8;40;58;284
126;Luka Dončić\doncilu01;PG;20;DAL;32;32.78125;29.65625;9.71875;8.9375;1.1875;0.15625;.474;.331;.805;32;1049;307;647;.474;100;302;.331;207;345;.600;.552;235;292;.805;47;264;311;286;38;5;135;76;949
127;Luguentz Dort\dortlu01;SG;20;OKC;7;16.42857143;3.285714286;1.428571429;0.428571429;0.285714286;0;.320;.071;.600;0;115;8;25;.320;1;14;.071;7;11;.636;.340;6;10;.600;1;9;10;3;2;0;3;18;23
128;Damyean Dotson\dotsoda01;SG;25;NYK;31;16.58064516;5.935483871;1.64516129;1.322580645;0.419354839;0.129032258;.407;.317;.696;0;514;68;167;.407;32;101;.317;36;66;.545;.503;16;23;.696;4;47;51;41;13;4;13;23;184
129;Sekou Doumbouya\doumbse01;SF;19;DET;11;14.27272727;5.545454545;2.909090909;0.181818182;0.636363636;0.181818182;.453;.263;.615;4;157;24;53;.453;5;19;.263;19;34;.559;.500;8;13;.615;5;27;32;2;7;2;5;21;61
130;Goran Dragić\dragigo01;PG;33;MIA;26;28.15384615;15.88461538;3.192307692;5.038461538;0.615384615;0.269230769;.451;.412;.723;1;732;142;315;.451;61;148;.412;81;167;.485;.548;68;94;.723;11;72;83;131;16;7;64;47;413
131;Andre Drummond\drumman01;C;26;DET;36;33.77777778;17.52777778;16;2.694444444;1.972222222;1.861111111;.529;.000;.636;35;1216;257;486;.529;0;19;.000;257;467;.550;.529;117;184;.636;158;418;576;97;71;67;128;135;631
132;Jared Dudley\dudleja01;SF;34;LAL;24;7.666666667;1.416666667;0.833333333;0.583333333;0.333333333;0.041666667;.393;.526;1.000;1;184;11;28;.393;10;19;.526;1;9;.111;.571;2;2;1.000;3;17;20;14;8;1;3;20;34
133;Kris Dunn\dunnkr01;PG;25;CHI;37;24.13513514;6.972972973;3.459459459;3.27027027;2;0.351351351;.423;.234;.722;18;893;107;253;.423;18;77;.234;89;176;.506;.458;26;36;.722;19;109;128;121;74;13;42;129;258
134;Carsen Edwards\edwarca01;SG;21;BOS;25;10.08;3.28;1.56;0.72;0.32;0.08;.307;.315;.846;0;252;27;88;.307;17;54;.315;10;34;.294;.403;11;13;.846;5;34;39;18;8;2;13;23;82
135;Henry Ellenson\ellenhe01;PF;23;BRK;5;3;0.4;1.2;0.2;0;0;.143;.000;;0;15;1;7;.143;0;4;.000;1;3;.333;.143;0;0;;2;4;6;1;0;0;0;1;2
136;Wayne Ellington\ellinwa01;SG;32;NYK;20;13.85;4;1.6;0.9;0.35;0.1;.310;.301;.667;1;277;27;87;.310;22;73;.301;5;14;.357;.437;4;6;.667;1;31;32;18;7;2;13;21;80
137;Joel Embiid\embiijo01;C;25;PHI;31;31.06451613;23.38709677;12.32258065;3.290322581;0.806451613;1.35483871;.472;.322;.837;31;963;238;504;.472;38;118;.322;200;386;.518;.510;211;252;.837;79;303;382;102;25;42;93;109;725
138;James Ennis\ennisja01;SF;29;PHI;37;17.81081081;6.648648649;3.432432432;0.945945946;0.459459459;0.324324324;.450;.363;.774;0;659;86;191;.450;33;91;.363;53;100;.530;.537;41;53;.774;43;84;127;35;17;12;24;76;246
139;Drew Eubanks\eubandr01;PF;22;SAS;5;6.8;3.4;3.2;0.4;0;0.2;.615;;1.000;0;34;8;13;.615;0;0;;8;13;.615;.615;1;1;1.000;6;10;16;2;0;1;4;4;17
140;Jacob Evans\evansja02;SG;22;GSW;17;15;4.470588235;1.529411765;0.941176471;0.235294118;0.352941176;.309;.381;.857;0;255;25;81;.309;8;21;.381;17;60;.283;.358;18;21;.857;4;22;26;16;4;6;18;25;76
141;Dante Exum\exumda01;SG;24;TOT;17;10.76470588;5.058823529;1.411764706;0.882352941;0.352941176;0.117647059;.552;.500;.765;0;183;32;58;.552;9;18;.500;23;40;.575;.629;13;17;.765;3;21;24;15;6;2;18;14;86
141;Dante Exum\exumda01;SG;24;UTA;11;7.545454545;2.181818182;1.090909091;0.636363636;0.090909091;0.181818182;.435;.333;1.000;0;83;10;23;.435;2;6;.333;8;17;.471;.478;2;2;1.000;3;9;12;7;1;2;10;8;24
141;Dante Exum\exumda01;G;24;CLE;6;16.66666667;10.33333333;2;1.333333333;0.833333333;0;.629;.583;.733;0;100;22;35;.629;7;12;.583;15;23;.652;.729;11;15;.733;0;12;12;8;5;0;8;6;62
142;Tacko Fall\fallta01;C;24;BOS;3;3.666666667;4.333333333;2.333333333;0;0;0.666666667;.750;;.500;0;11;6;8;.750;0;0;;6;8;.750;.750;1;2;.500;0;7;7;0;0;2;3;3;13
143;Derrick Favors\favorde01;C;28;NOP;21;24.0952381;8.904761905;10.28571429;2.19047619;0.476190476;1.095238095;.573;.250;.560;19;506;86;150;.573;1;4;.250;85;146;.582;.577;14;25;.560;74;142;216;46;10;23;27;49;187
144;Terrance Ferguson\fergute01;SF;21;OKC;31;26.83870968;5.161290323;1.774193548;0.903225806;0.548387097;0.258064516;.389;.322;.778;31;832;58;149;.389;37;115;.322;21;34;.618;.513;7;9;.778;19;36;55;28;17;8;22;106;160
145;Bruno Fernando\fernabr01;C;21;ATL;36;11.91666667;3.75;3.055555556;1;0.25;0.333333333;.478;.148;.618;8;429;55;115;.478;4;27;.148;51;88;.580;.496;21;34;.618;38;72;110;36;9;12;29;63;135
146;Yogi Ferrell\ferreyo01;PG;26;SAC;28;13.17857143;4.821428571;1.285714286;1.642857143;0.357142857;0.107142857;.407;.262;.875;0;369;48;118;.407;11;42;.262;37;76;.487;.453;28;32;.875;4;32;36;46;10;3;19;23;135
147;Dorian Finney-Smith\finnedo01;PF;26;DAL;36;29.08333333;9.111111111;5.305555556;1.361111111;0.666666667;0.5;.468;.390;.712;33;1047;118;252;.468;55;141;.390;63;111;.568;.577;37;52;.712;70;121;191;49;24;18;33;77;328
148;Bryn Forbes\forbebr01;SG;26;SAS;35;25.91428571;11.2;2.428571429;1.771428571;0.485714286;0;.401;.365;.872;34;907;137;342;.401;77;211;.365;60;131;.458;.513;41;47;.872;9;76;85;62;17;0;31;64;392
149;Evan Fournier\fournev01;SG;27;ORL;37;31.16216216;18.78378378;2.648648649;3.189189189;1;0.189189189;.471;.407;.808;37;1153;248;526;.471;94;231;.407;154;295;.522;.561;105;130;.808;4;94;98;118;37;7;70;92;695
150;De'Aaron Fox\foxde01;PG;22;SAC;20;30.15;18.25;3.85;6.75;1.3;0.45;.460;.313;.721;18;603;126;274;.460;20;64;.313;106;210;.505;.496;93;129;.721;17;60;77;135;26;9;67;57;365
151;Melvin Frazier\frazime01;SG;23;ORL;10;3.7;1.2;0.3;0.1;0.2;0.1;.286;.500;.500;0;37;4;14;.286;3;6;.500;1;8;.125;.393;1;2;.500;1;2;3;1;2;1;1;7;12
152;Tim Frazier\fraziti01;PG;29;DET;23;13;4.086956522;1.130434783;3.47826087;0.565217391;0.130434783;.393;.385;.818;11;299;33;84;.393;10;26;.385;23;58;.397;.452;18;22;.818;8;18;26;80;13;3;28;35;94
153;Markelle Fultz\fultzma01;PG;21;ORL;36;26.52777778;11.41666667;2.972222222;4.416666667;1.25;0.194444444;.459;.254;.744;31;955;168;366;.459;17;67;.254;151;299;.505;.482;58;78;.744;14;93;107;159;45;7;69;71;411
154;Wenyen Gabriel\gabriwe01;PF;22;SAC;10;5.9;1.6;1;0.3;0.3;0.2;.313;.125;.556;0;59;5;16;.313;1;8;.125;4;8;.500;.344;5;9;.556;4;6;10;3;3;2;5;7;16
155;Daniel Gafford\gaffoda01;C;21;CHI;27;11.96296296;4.62962963;2.222222222;0.37037037;0.148148148;1.333333333;.688;;.500;0;323;55;80;.688;0;0;;55;80;.688;.688;15;30;.500;29;31;60;10;4;36;10;47;125
156;Danilo Gallinari\gallida01;PF;31;OKC;31;30.35483871;17.96774194;5.580645161;2.193548387;0.677419355;0.129032258;.423;.392;.891;31;941;173;409;.423;89;227;.392;84;182;.462;.532;122;137;.891;18;155;173;68;21;4;42;40;557
157;Langston Galloway\gallola01;SG;28;DET;38;25.65789474;10.71052632;2.184210526;1.421052632;0.710526316;0.210526316;.433;.402;.877;6;975;135;312;.433;80;199;.402;55;113;.487;.561;57;65;.877;16;67;83;54;27;8;25;48;407
158;Darius Garland\garlada01;PG;20;CLE;37;29.08108108;11.75675676;2.054054054;3.162162162;0.72972973;0;.399;.370;.860;37;1076;162;406;.399;68;184;.370;94;222;.423;.483;43;50;.860;17;59;76;117;27;0;92;55;435
159;Marc Gasol\gasolma01;C;35;TOR;27;28.22222222;6.592592593;6.62962963;3.407407407;0.814814815;1.111111111;.364;.352;.750;27;762;63;173;.364;31;88;.352;32;85;.376;.454;21;28;.750;23;156;179;92;22;30;33;85;178
160;Rudy Gay\gayru01;PF;33;SAS;35;22.62857143;10.97142857;5.942857143;1.828571429;0.485714286;0.628571429;.464;.339;.857;5;792;140;302;.464;38;112;.339;102;190;.537;.526;66;77;.857;36;172;208;64;17;22;52;50;384
161;Paul George\georgpa01;SF;29;LAC;26;30.73076923;23.46153846;5.961538462;3.730769231;1.461538462;0.461538462;.429;.395;.909;26;799;198;462;.429;94;238;.395;104;224;.464;.530;120;132;.909;12;143;155;97;38;12;85;65;610
162;Taj Gibson\gibsota01;C;34;NYK;34;15.97058824;4.470588235;4.411764706;1.058823529;0.588235294;0.352941176;.486;.200;.600;28;543;69;142;.486;2;10;.200;67;132;.508;.493;12;20;.600;61;89;150;36;20;12;28;76;152
163;Harry Giles\gilesha01;PF;21;SAC;13;11;4.846153846;2.692307692;1.153846154;0.692307692;0.307692308;.443;;.900;1;143;27;61;.443;0;0;;27;61;.443;.443;9;10;.900;11;24;35;15;9;4;16;32;63
164;Shai Gilgeous-Alexander\gilgesh01;SG;21;OKC;37;35.45945946;19.81081081;5.324324324;2.783783784;1.216216216;0.432432432;.462;.338;.806;37;1312;269;582;.462;45;133;.338;224;449;.499;.501;150;186;.806;27;170;197;103;45;16;74;61;733
165;Rudy Gobert\goberru01;C;27;UTA;34;34.55882353;14.52941176;14.38235294;1.470588235;0.705882353;1.823529412;.666;;.607;34;1175;193;290;.666;0;0;;193;290;.666;.666;108;178;.607;124;365;489;50;24;62;70;106;494
166;Brandon Goodwin\goodwbr01;PG;24;ATL;8;10.875;5.625;1.625;1.5;0.625;0.25;.457;.429;1.000;0;87;16;35;.457;6;14;.429;10;21;.476;.543;7;7;1.000;2;11;13;12;5;2;5;7;45
167;Aaron Gordon\gordoaa01;PF;24;ORL;32;31.28125;13.15625;7.53125;2.78125;0.6875;0.59375;.409;.276;.694;32;1001;159;389;.409;35;127;.276;124;262;.473;.454;68;98;.694;55;186;241;89;22;19;54;65;421
168;Eric Gordon\gordoer01;SG;31;HOU;12;28.58333333;11.83333333;1.75;1.083333333;0.5;0.25;.331;.313;.621;3;343;47;142;.331;30;96;.313;17;46;.370;.437;18;29;.621;5;16;21;13;6;3;18;24;142
169;Devonte' Graham\grahade01;PG;24;CHO;39;35.17948718;19.07692308;3.820512821;7.846153846;0.846153846;0.307692308;.381;.389;.824;29;1372;233;612;.381;142;365;.389;91;247;.368;.497;136;165;.824;34;115;149;306;33;12;117;73;744
170;Treveon Graham\grahatr01;SG;26;MIN;29;21.10344828;5.413793103;3.206896552;0.896551724;0.551724138;0.068965517;.350;.231;.714;20;612;57;163;.350;18;78;.231;39;85;.459;.405;25;35;.714;28;65;93;26;16;2;16;60;157
171;Jerami Grant\grantje01;PF;25;DEN;36;23.02777778;9.722222222;3.111111111;0.861111111;0.416666667;0.611111111;.463;.389;.675;3;829;125;270;.463;44;113;.389;81;157;.516;.544;56;83;.675;17;95;112;31;15;22;30;66;350
172;Josh Gray\grayjo01;PG;26;NOP;2;11.5;1;1;1;0;0;.500;;;0;23;1;2;.500;0;0;;1;2;.500;.500;0;0;;1;1;2;2;0;0;5;1;2
173;Danny Green\greenda02;SG;32;LAL;37;25.40540541;8.837837838;3.675675676;1.351351351;1.135135135;0.432432432;.434;.389;.750;37;940;116;267;.434;74;190;.389;42;77;.545;.573;21;28;.750;27;109;136;50;42;16;33;83;327
174;Draymond Green\greendr01;PF;29;GSW;27;29.03703704;9;6.296296296;5.62962963;1.481481481;0.666666667;.401;.278;.746;27;784;87;217;.401;22;79;.278;65;138;.471;.452;47;63;.746;16;154;170;152;40;18;62;67;243
175;JaMychal Green\greenja01;PF;29;LAC;29;21.20689655;7.068965517;6.379310345;0.793103448;0.517241379;0.344827586;.412;.376;.840;0;615;70;170;.412;44;117;.376;26;53;.491;.541;21;25;.840;42;143;185;23;15;10;27;73;205
176;Javonte Green\greenja02;SF;26;BOS;27;7.740740741;2.777777778;1.37037037;0.296296296;0.259259259;0.148148148;.559;.214;.667;0;209;33;59;.559;3;14;.214;30;45;.667;.585;6;9;.667;8;29;37;8;7;4;10;20;75
177;Jeff Green\greenje02;PF;33;UTA;30;18.43333333;7.766666667;2.7;0.666666667;0.4;0.333333333;.385;.327;.778;2;553;75;195;.385;34;104;.327;41;91;.451;.472;49;63;.778;14;67;81;20;12;10;27;46;233
178;Blake Griffin\griffbl01;PF;30;DET;18;28.44444444;15.5;4.666666667;3.277777778;0.388888889;0.388888889;.352;.243;.776;18;512;88;250;.352;27;111;.243;61;139;.439;.406;76;98;.776;17;67;84;59;7;7;40;27;279
179;Marko Guduric\gudurma01;SG;24;MEM;27;14.25925926;4.703703704;2;1.37037037;0.333333333;0.222222222;.370;.281;.882;0;385;47;127;.370;18;64;.281;29;63;.460;.441;15;17;.882;12;42;54;37;9;6;28;25;127
180;Rui Hachimura\hachiru01;PF;21;WAS;25;29.16;13.92;5.8;1.6;0.72;0.12;.482;.208;.852;25;729;146;303;.482;10;48;.208;136;255;.533;.498;46;54;.852;39;106;145;40;18;3;20;57;348
181;Devon Hall\hallde01;SG;24;OKC;5;4;1;0.2;0.6;0;0;.200;.000;.750;0;20;1;5;.200;0;2;.000;1;3;.333;.200;3;4;.750;0;1;1;3;0;0;1;1;5
182;Tim Hardaway\hardati02;SG;27;DAL;33;25.39393939;13.75757576;2.606060606;1.696969697;0.606060606;0.090909091;.424;.389;.813;20;838;158;373;.424;86;221;.389;72;152;.474;.539;52;64;.813;11;75;86;56;20;3;29;53;454
183;James Harden\hardeja01;SG;30;HOU;34;37.64705882;38.38235294;5.970588235;7.558823529;1.823529412;0.823529412;.463;.386;.864;34;1280;383;827;.463;177;458;.386;206;369;.558;.570;362;419;.864;34;169;203;257;62;28;159;111;1305
184;Maurice Harkless\harklma01;SF;26;LAC;38;23;5.552631579;3.868421053;1.078947368;1.078947368;0.710526316;.509;.339;.556;27;874;86;169;.509;19;56;.339;67;113;.593;.565;20;36;.556;38;109;147;41;41;27;34;95;211
185;Jared Harper\harpeja01;PG;22;PHO;1;2;0;0;0;0;0;.000;.000;;0;2;0;1;.000;0;1;.000;0;0;;.000;0;0;;0;0;0;0;0;0;0;0;0
186;Montrezl Harrell\harremo01;C;26;LAC;37;29.13513514;19.40540541;7.324324324;1.864864865;0.675675676;1.108108108;.573;.000;.657;2;1078;292;510;.573;0;13;.000;292;497;.588;.573;134;204;.657;108;163;271;69;25;41;71;85;718
187;Gary Harris\harriga01;SG;25;DEN;34;33.05882353;11.02941176;2.852941176;2.205882353;1.352941176;0.264705882;.424;.324;.830;34;1124;142;335;.424;47;145;.324;95;190;.500;.494;44;53;.830;19;78;97;75;46;9;36;80;375
188;Joe Harris\harrijo01;SF;28;BRK;36;32;14.5;4.083333333;2.166666667;0.666666667;0.333333333;.465;.418;.792;36;1152;195;419;.465;94;225;.418;101;194;.521;.578;38;48;.792;32;115;147;78;24;12;50;85;522
189;Tobias Harris\harrito02;PF;27;PHI;38;33.94736842;19.44736842;6.473684211;3.026315789;0.763157895;0.657894737;.487;.354;.805;38;1290;289;594;.487;62;175;.354;227;419;.542;.539;99;123;.805;29;217;246;115;29;25;62;95;739
190;Shaquille Harrison\harrish01;SF;26;CHI;22;8;2.772727273;1.545454545;1.090909091;0.5;0.227272727;.386;.308;.650;4;176;22;57;.386;4;13;.308;18;44;.409;.421;13;20;.650;7;27;34;24;11;5;6;21;61
191;Josh Hart\hartjo01;SF;24;NOP;30;27.5;10.76666667;5.666666667;1.433333333;1;0.3;.411;.348;.741;5;825;109;265;.411;65;187;.348;44;78;.564;.534;40;54;.741;25;145;170;43;30;9;35;84;323
192;Isaiah Hartenstein\harteis01;C;21;HOU;13;14.69230769;5.769230769;4.769230769;0.846153846;0.384615385;0.538461538;.682;.000;.714;1;191;30;44;.682;0;1;.000;30;43;.698;.682;15;21;.714;20;42;62;11;5;7;12;31;75
193;Udonis Haslem\hasleud01;PF;39;MIA;2;5.5;2.5;1.5;0;0;0;1000;;.750;0;11;1;1;1.000;0;0;;1;1;1.000;1.000;3;4;.750;0;3;3;0;0;0;0;3;5
194;Jaxson Hayes\hayesja02;C;19;NOP;34;19.73529412;7.941176471;4.382352941;0.941176471;0.588235294;1.088235294;.635;.250;.650;10;671;101;159;.635;1;4;.250;100;155;.645;.638;67;103;.650;61;88;149;32;20;37;29;98;270
195;Gordon Hayward\haywago01;SF;29;BOS;18;31.72222222;16.66666667;6.333333333;4.222222222;0.722222222;0.444444444;.526;.356;.833;18;571;122;232;.526;26;73;.356;96;159;.604;.582;30;36;.833;19;95;114;76;13;8;30;33;300
196;John Henson\hensojo01;PF;29;CLE;18;13.11111111;4.277777778;3.722222222;1.444444444;0.611111111;1.222222222;.540;.143;.389;1;236;34;63;.540;2;14;.143;32;49;.653;.556;7;18;.389;19;48;67;26;11;22;13;28;77
197;Dewan Hernandez\hernade01;C;23;TOR;4;2.75;1;1.75;0;0.25;0;.200;.000;1.000;0;11;1;5;.200;0;1;.000;1;4;.250;.200;2;2;1.000;2;5;7;0;1;0;1;6;4
198;Juan Hernangómez\hernaju01;PF;24;DEN;22;12.09090909;3.181818182;2.272727273;0.681818182;0.045454545;0.136363636;.357;.267;.533;0;266;25;70;.357;12;45;.267;13;25;.520;.443;8;15;.533;12;38;50;15;1;3;10;16;70
199;Willy Hernangómez\hernawi01;C;25;CHO;12;6;2.666666667;2.166666667;0.333333333;0.083333333;0.25;.400;.250;.462;0;72;12;30;.400;2;8;.250;10;22;.455;.433;6;13;.462;11;15;26;4;1;3;6;5;32
200;Tyler Herro\herroty01;SG;20;MIA;35;28.6;13.31428571;4.285714286;2.142857143;0.657142857;0.085714286;.416;.378;.846;3;1001;170;409;.416;71;188;.378;99;221;.448;.502;55;65;.846;12;138;150;75;23;3;65;44;466
201;Kevin Hervey\herveke01;F;23;OKC;2;4;0;1;0.5;0;0;.000;.000;;0;8;0;4;.000;0;3;.000;0;1;.000;.000;0;0;;0;2;2;1;0;0;0;1;0
202;Mario Hezonja\hezonma01;PF;24;POR;28;16.53571429;4.607142857;3.964285714;0.857142857;0.607142857;0.142857143;.388;.308;.818;4;463;45;116;.388;12;39;.308;33;77;.429;.440;27;33;.818;16;95;111;24;17;4;21;64;129
203;Buddy Hield\hieldbu01;SG;27;SAC;38;34.15789474;20.39473684;5.131578947;3.078947368;0.815789474;0.315789474;.414;.372;.824;38;1298;280;676;.414;140;376;.372;140;300;.467;.518;75;91;.824;35;160;195;117;31;12;100;98;775
204;George Hill\hillge01;PG;33;MIL;36;21.5;10.16666667;3.25;3.027777778;0.722222222;0.111111111;.550;.518;.818;0;774;132;240;.550;57;110;.518;75;130;.577;.669;45;55;.818;37;80;117;109;26;4;32;51;366
205;Solomon Hill\hillso01;SF;28;MEM;36;19.38888889;5.888888889;3.25;1.944444444;0.777777778;0.138888889;.403;.377;.731;2;698;75;186;.403;43;114;.377;32;72;.444;.519;19;26;.731;21;96;117;70;28;5;30;54;212
206;Jaylen Hoard\hoardja01;SF;20;POR;7;3;1;1.142857143;0.285714286;0.142857143;0;.500;;.500;0;21;3;6;.500;0;0;;3;6;.500;.500;1;2;.500;4;4;8;2;1;0;1;1;7
207;Aaron Holiday\holidaa01;PG;23;IND;35;23.68571429;10.54285714;2.542857143;3.542857143;0.857142857;0.171428571;.415;.415;.872;17;829;136;328;.415;56;135;.415;80;193;.415;.500;41;47;.872;15;74;89;124;30;6;49;69;369
208;Jrue Holiday\holidjr01;SG;29;NOP;34;35.64705882;19.61764706;4.852941176;6.5;1.705882353;0.735294118;.438;.342;.708;34;1212;266;608;.438;67;196;.342;199;412;.483;.493;68;96;.708;45;120;165;221;58;25;105;72;667
209;Justin Holiday\holidju01;SG;30;IND;37;25.02702703;7.702702703;3.432432432;1.432432432;1.054054054;0.540540541;.407;.389;.839;2;926;99;243;.407;61;157;.389;38;86;.442;.533;26;31;.839;16;111;127;53;39;20;21;64;285
210;Rondae Hollis-Jefferson\holliro01;SF;25;TOR;29;20.62068966;8.551724138;5.275862069;1.551724138;0.862068966;0.379310345;.477;.182;.759;2;598;93;195;.477;2;11;.182;91;184;.495;.482;60;79;.759;67;86;153;45;25;11;30;62;248
211;Richaun Holmes\holmeri01;C;26;SAC;37;29.37837838;13.08108108;8.486486486;1;1.054054054;1.405405405;.660;;.817;33;1087;204;309;.660;0;0;;204;309;.660;.660;76;93;.817;113;201;314;37;39;52;46;144;484
212;Rodney Hood\hoodro01;SF;27;POR;21;29.47619048;10.95238095;3.428571429;1.523809524;0.80952381;0.19047619;.506;.493;.778;21;619;87;172;.506;35;71;.493;52;101;.515;.608;21;27;.778;10;62;72;32;17;4;19;46;230
213;Al Horford\horfoal01;C;33;PHI;34;30.67647059;12.26470588;6.470588235;3.705882353;0.970588235;0.911764706;.453;.341;.692;34;1043;172;380;.453;46;135;.341;126;245;.514;.513;27;39;.692;54;166;220;126;33;31;36;76;417
214;Talen Horton-Tucker\hortota01;SG;19;LAL;2;2.5;0;0;1;0.5;0;.000;.000;;0;5;0;1;.000;0;1;.000;0;0;;.000;0;0;;0;0;0;2;1;0;0;0;0
215;Danuel House\houseda01;SF;26;HOU;29;30.75862069;11.03448276;4.034482759;1.310344828;0.965517241;0.551724138;.434;.380;.761;27;892;111;256;.434;63;166;.380;48;90;.533;.557;35;46;.761;33;84;117;38;28;16;27;64;320
216;Dwight Howard\howardw01;C;34;LAL;37;19.62162162;7.108108108;6.918918919;0.621621622;0.405405405;1.513513514;.743;.500;.485;0;726;107;144;.743;2;4;.500;105;140;.750;.750;47;97;.485;83;173;256;23;15;56;46;122;263
217;Kevin Huerter\huertke01;SG;21;ATL;26;27.03846154;11.19230769;3.769230769;3.423076923;1;0.461538462;.417;.381;.842;18;703;103;247;.417;53;139;.381;50;108;.463;.524;32;38;.842;14;84;98;89;26;12;47;54;291
218;De'Andre Hunter\huntede01;SF;22;ATL;36;31.77777778;12.33333333;3.75;1.75;0.638888889;0.25;.403;.349;.772;35;1144;161;400;.403;61;175;.349;100;225;.444;.479;61;79;.772;16;119;135;63;23;9;60;93;444
219;Chandler Hutchison\hutchch01;SF;23;CHI;10;15.9;6.4;3.3;0.8;0.5;0.2;.455;.417;.655;6;159;20;44;.455;5;12;.417;15;32;.469;.511;19;29;.655;1;32;33;8;5;2;12;12;64
220;Serge Ibaka\ibakase01;C;30;TOR;27;25.85185185;14.62962963;8.333333333;1.222222222;0.444444444;0.925925926;.494;.353;.764;10;698;158;320;.494;24;68;.353;134;252;.532;.531;55;72;.764;60;165;225;33;12;25;54;72;395
221;Ersan İlyasova\ilyaser01;PF;32;MIL;35;17.08571429;8.342857143;5.371428571;1.028571429;0.4;0.342857143;.510;.385;.817;4;598;104;204;.510;35;91;.385;69;113;.611;.596;49;60;.817;43;145;188;36;14;12;20;48;292
222;Joe Ingles\inglejo01;SF;32;UTA;36;30.02777778;10.5;4.388888889;4.555555556;0.916666667;0.166666667;.444;.412;.804;16;1081;132;297;.444;77;187;.412;55;110;.500;.574;37;46;.804;14;144;158;164;33;6;70;79;378
223;Brandon Ingram\ingrabr01;PF;22;NOP;33;34.18181818;25.18181818;6.848484848;3.848484848;1;0.787878788;.480;.404;.867;33;1128;295;614;.480;78;193;.404;217;421;.515;.544;163;188;.867;29;197;226;127;33;26;96;99;831
224;Kyrie Irving\irvinky01;PG;27;BRK;11;33.81818182;28.54545455;5.363636364;7.181818182;1.090909091;0.545454545;.444;.341;.937;11;372;112;252;.444;31;91;.341;81;161;.503;.506;59;63;.937;10;49;59;79;12;6;26;32;314
225;Jonathan Isaac\isaacjo01;SF;22;ORL;32;29.65625;12;6.9375;1.375;1.5625;2.4375;.463;.330;.767;32;949;149;322;.463;30;91;.330;119;231;.515;.509;56;73;.767;57;165;222;44;50;78;47;79;384
226;Wesley Iwundu\iwundwe01;SF;25;ORL;23;16.47826087;4.086956522;2.52173913;0.869565217;0.565217391;0.304347826;.345;.167;.882;7;379;30;87;.345;4;24;.167;26;63;.413;.368;30;34;.882;12;46;58;20;13;7;12;30;94
227;Frank Jackson\jacksfr01;PG;21;NOP;29;12.65517241;5.551724138;1.137931034;0.827586207;0.310344828;0.034482759;.368;.278;.818;1;367;57;155;.368;20;72;.278;37;83;.446;.432;27;33;.818;5;28;33;24;9;1;24;38;161
228;Jaren Jackson\jacksja02;C;20;MEM;37;28.27027027;17.81081081;4.972972973;1.540540541;0.648648649;1.459459459;.479;.408;.757;37;1046;239;499;.479;97;238;.408;142;261;.544;.576;84;111;.757;41;143;184;57;24;54;64;151;659
229;Justin Jackson\jacksju01;PF;24;DAL;32;15.65625;6.25;2.5625;0.625;0.21875;0.125;.408;.305;.808;2;501;75;184;.408;29;95;.305;46;89;.517;.486;21;26;.808;13;69;82;20;7;4;5;38;200
230;Reggie Jackson\jacksre01;PG;29;DET;2;18;5;2.5;4;0;0;.364;.200;1.000;2;36;4;11;.364;1;5;.200;3;6;.500;.409;1;1;1.000;1;4;5;8;0;0;1;2;10
231;Justin James\jamesju01;SG;23;SAC;20;9.3;3.2;1.3;0.6;0.25;0.4;.415;.318;.273;0;186;27;65;.415;7;22;.318;20;43;.465;.469;3;11;.273;4;22;26;12;5;8;7;13;64
232;LeBron James\jamesle01;PG;35;LAL;36;35;25.11111111;7.777777778;10.83333333;1.305555556;0.555555556;.486;.347;.688;36;1260;345;710;.486;77;222;.347;268;488;.549;.540;137;199;.688;38;242;280;390;47;20;135;66;904
233;Amile Jefferson\jeffeam01;PF;26;ORL;11;3.727272727;0.727272727;1.181818182;0.363636364;0;0.181818182;.500;;.333;0;41;3;6;.500;0;0;;3;6;.500;.500;2;6;.333;5;8;13;4;0;2;2;4;8
234;DaQuan Jeffries\jeffrda01;SG;22;SAC;2;5.5;1;0.5;0.5;0;0;1000;;;0;11;1;1;1.000;0;0;;1;1;1.000;1.000;0;0;;1;0;1;1;0;0;0;1;2
235;Ty Jerome\jeromty01;PG;22;PHO;10;13.4;4.2;1.7;2.2;1.1;0;.327;.300;.800;0;134;16;49;.327;6;20;.300;10;29;.345;.388;4;5;.800;3;14;17;22;11;0;9;13;42
236;Alize Johnson\johnsal02;SF;23;IND;10;4.3;1.7;1.5;0.2;0;0;.538;;.750;0;43;7;13;.538;0;0;;7;13;.538;.538;3;4;.750;6;9;15;2;0;0;1;6;17
237;B.J. Johnson\johnsbj01;SF;24;ORL;1;3;0;0;0;0;0;;;;0;3;0;0;;0;0;;0;0;;;0;0;;0;0;0;0;0;0;0;0;0
238;Cameron Johnson\johnsca02;PF;23;PHO;34;20.23529412;8.088235294;3.029411765;0.970588235;0.470588235;0.264705882;.418;.394;.743;0;688;94;225;.418;61;155;.394;33;70;.471;.553;26;35;.743;31;72;103;33;16;9;22;53;275
239;James Johnson\johnsja01;PF;32;MIA;7;12.85714286;4.571428571;2.428571429;0.857142857;0.428571429;0.571428571;.522;.364;.500;0;90;12;23;.522;4;11;.364;8;12;.667;.609;4;8;.500;4;13;17;6;3;4;5;7;32
240;Keldon Johnson\johnske04;SF;20;SAS;2;3.5;1;1;0;0;0;.250;;;0;7;1;4;.250;0;0;;1;4;.250;.250;0;0;;0;2;2;0;0;0;0;0;2
241;Stanley Johnson\johnsst04;PF;23;TOR;11;5.272727273;1.727272727;1.363636364;0.181818182;0.181818182;0.090909091;.280;.167;.750;0;58;7;25;.280;2;12;.167;5;13;.385;.320;3;4;.750;3;12;15;2;2;1;6;6;19
242;Tyler Johnson\johnsty01;SG;27;PHO;25;17.48;5.92;1.96;1.88;0.36;0.28;.383;.294;.769;3;437;54;141;.383;20;68;.294;34;73;.466;.454;20;26;.769;9;40;49;47;9;7;21;35;148
243;Nikola Jokić\jokicni01;C;24;DEN;36;31.11111111;18.91666667;9.777777778;6.388888889;0.972222222;0.527777778;.505;.313;.803;36;1120;265;525;.505;45;144;.313;220;381;.577;.548;106;132;.803;84;268;352;230;35;19;91;110;681
244;Damian Jones\jonesda03;C;24;ATL;33;16.78787879;6.454545455;3.727272727;0.666666667;0.393939394;0.818181818;.685;.333;.719;20;554;85;124;.685;2;6;.333;83;118;.703;.694;41;57;.719;49;74;123;22;13;27;18;101;213
245;Derrick Jones\jonesde02;SF;22;MIA;22;24.31818182;8.590909091;3.863636364;0.954545455;1.181818182;0.590909091;.486;.226;.740;1;535;70;144;.486;12;53;.226;58;91;.637;.528;37;50;.740;18;67;85;21;26;13;17;53;189
246;Tyus Jones\jonesty01;PG;23;MEM;38;19.57894737;6.342105263;1.605263158;4.763157895;0.894736842;0.131578947;.439;.306;.733;6;744;100;228;.439;19;62;.306;81;166;.488;.480;22;30;.733;5;56;61;181;34;5;40;29;241
247;DeAndre Jordan\jordade01;C;31;BRK;33;21.18181818;7.909090909;9.848484848;2.060606061;0.424242424;1;.646;;.681;4;699;106;164;.646;0;0;;106;164;.646;.646;49;72;.681;79;246;325;68;14;33;41;67;261
248;Cory Joseph\josepco01;PG;28;SAC;38;25.97368421;6.5;2.736842105;3.789473684;0.815789474;0.368421053;.392;.329;.906;20;987;96;245;.392;26;79;.329;70;166;.422;.445;29;32;.906;21;83;104;144;31;14;47;77;247
249;Mfiondu Kabengele\kabenmf01;C;22;LAC;10;4.4;2.9;0.8;0.1;0.1;0.1;.455;.500;1.000;0;44;10;22;.455;6;12;.500;4;10;.400;.591;3;3;1.000;1;7;8;1;1;1;1;6;29
250;Frank Kaminsky\kaminfr01;C;26;PHO;32;22.4375;11;4.9375;2.21875;0.40625;0.3125;.455;.348;.670;13;718;127;279;.455;39;112;.348;88;167;.527;.525;59;88;.670;30;128;158;71;13;10;33;69;352
251;Enes Kanter\kanteen01;C;27;BOS;27;18.14814815;8.925925926;8.148148148;1.111111111;0.555555556;0.925925926;.567;.250;.667;3;490;102;180;.567;1;4;.250;101;176;.574;.569;36;54;.667;85;135;220;30;15;25;26;47;241
252;Luke Kennard\kennalu01;SG;23;DET;28;32.92857143;15.78571429;3.5;4.107142857;0.428571429;0.214285714;.442;.399;.893;25;922;151;342;.442;73;183;.399;78;159;.491;.548;67;75;.893;9;89;98;115;12;6;43;65;442
253;Stanton Kidd\kiddst01;SF;27;UTA;4;3.75;0;0.75;0.25;0;0;.000;.000;;0;15;0;3;.000;0;1;.000;0;2;.000;.000;0;0;;0;3;3;1;0;0;2;3;0
254;Michael Kidd-Gilchrist\kiddgmi01;PF;26;CHO;11;13.72727273;4.181818182;3.090909091;0.818181818;0;0.272727273;.333;.294;.778;0;151;17;51;.333;5;17;.294;12;34;.353;.382;7;9;.778;9;25;34;9;0;3;7;18;46
255;Louis King\kinglo02;F;20;DET;4;3;1.75;0.5;0.25;0.25;0;.429;.333;;0;12;3;7;.429;1;3;.333;2;4;.500;.500;0;0;;1;1;2;1;1;0;1;2;7
256;Maxi Kleber\klebima01;C;28;DAL;35;24.68571429;8.942857143;5.4;1.057142857;0.285714286;0.742857143;.468;.403;.881;6;864;109;233;.468;58;144;.403;51;89;.573;.592;37;42;.881;57;132;189;37;10;26;29;81;313
257;Brandon Knight\knighbr03;PG;28;CLE;12;13.41666667;5.416666667;1.166666667;2;0.416666667;0.166666667;.359;.333;.333;0;161;23;64;.359;16;48;.333;7;16;.438;.484;3;9;.333;2;12;14;24;5;2;12;12;65
258;Kevin Knox\knoxke01;SF;20;NYK;36;19.36111111;7.388888889;3.055555556;1.111111111;0.5;0.472222222;.378;.341;.641;4;697;91;241;.378;43;126;.341;48;115;.417;.467;41;64;.641;13;97;110;40;18;17;25;56;266
259;John Konchar\konchjo01;SG;23;MEM;2;4;0;0.5;0;0;0;;;;0;8;0;0;;0;0;;0;0;;;0;0;;0;1;1;0;0;0;0;0;0
260;Furkan Korkmaz\korkmfu01;SG;22;PHI;37;20.45945946;8.243243243;2.216216216;0.810810811;0.540540541;0.189189189;.436;.377;.750;11;757;113;259;.436;58;154;.377;55;105;.524;.548;21;28;.750;8;74;82;30;20;7;24;52;305
261;Luke Kornet\kornelu01;C;24;CHI;17;8.882352941;2.705882353;1.411764706;0.352941176;0.117647059;0.647058824;.340;.241;1.000;0;151;17;50;.340;7;29;.241;10;21;.476;.410;5;5;1.000;6;18;24;6;2;11;3;13;46
262;Kyle Korver\korveky01;SF;38;MIL;33;16.6969697;6.303030303;1.848484848;1.212121212;0.454545455;0.212121212;.411;.414;.864;0;551;67;163;.411;55;133;.414;12;30;.400;.580;19;22;.864;8;53;61;40;15;7;27;40;208
263;Rodions Kurucs\kurucro01;PF;21;BRK;21;11.80952381;3.523809524;2.285714286;0.80952381;0.380952381;0.095238095;.431;.370;.571;2;248;28;65;.431;10;27;.370;18;38;.474;.508;8;14;.571;10;38;48;17;8;2;22;38;74
264;Kyle Kuzma\kuzmaky01;PF;24;LAL;28;23.35714286;11.96428571;3.607142857;0.821428571;0.357142857;0.392857143;.425;.346;.746;1;654;122;287;.425;47;136;.346;75;151;.497;.507;44;59;.746;14;87;101;23;10;11;43;49;335
265;Skal Labissière\labissk01;C;23;POR;33;17.18181818;5.757575758;5.121212121;1.272727273;0.212121212;0.939393939;.551;.231;.758;1;567;81;147;.551;3;13;.231;78;134;.582;.561;25;33;.758;65;104;169;42;7;31;30;89;190
266;Jeremy Lamb\lambje01;SG;27;IND;26;30.15384615;14.11538462;4.846153846;2.615384615;1.307692308;0.576923077;.451;.344;.857;26;784;134;297;.451;33;96;.344;101;201;.502;.507;66;77;.857;16;110;126;68;34;15;34;58;367
267;Romeo Langford\langfro01;SG;20;BOS;9;10.22222222;2.333333333;0.888888889;0.222222222;0.333333333;0.222222222;.389;.222;.833;0;92;7;18;.389;2;9;.222;5;9;.556;.444;5;6;.833;4;4;8;2;3;2;2;6;21
268;Zach LaVine\lavinza01;SG;24;CHI;37;33.7027027;23.64864865;4.540540541;3.972972973;1.405405405;0.459459459;.427;.391;.814;37;1247;298;698;.427;113;289;.391;185;409;.452;.508;166;204;.814;26;142;168;147;52;17;120;83;875
269;Jake Layman\laymaja01;PF;25;MIN;14;26.35714286;10.5;2.928571429;0.785714286;0.857142857;0.714285714;.462;.352;.600;2;369;61;132;.462;19;54;.352;42;78;.538;.534;6;10;.600;12;29;41;11;12;10;18;31;147
270;T.J. Leaf\leaftj01;PF;22;IND;21;8.428571429;3.095238095;2.80952381;0.285714286;0.333333333;0.142857143;.415;.357;.600;1;177;27;65;.415;5;14;.357;22;51;.431;.454;6;10;.600;20;39;59;6;7;3;6;16;65
271;Courtney Lee\leeco01;SG;34;DAL;9;8;3.666666667;0.333333333;0.333333333;0;0.222222222;.591;.583;;3;72;13;22;.591;7;12;.583;6;10;.600;.750;0;0;;0;3;3;3;0;2;2;6;33
272;Damion Lee\leeda03;SG;27;GSW;24;26.375;12.33333333;5.291666667;2.166666667;0.875;0.041666667;.418;.368;.880;11;633;99;237;.418;32;87;.368;67;150;.447;.485;66;75;.880;22;105;127;52;21;1;29;44;296
273;Alex Len\lenal01;C;26;ATL;35;18.48571429;8.8;5.457142857;1.171428571;0.514285714;0.8;.554;.286;.639;9;647;124;224;.554;14;49;.286;110;175;.629;.585;46;72;.639;55;136;191;41;18;28;33;80;308
274;Kawhi Leonard\leonaka01;SF;28;LAC;28;31.89285714;25.25;7.571428571;5.107142857;1.821428571;0.535714286;.448;.353;.891;28;893;247;551;.448;49;139;.353;198;412;.481;.493;164;184;.891;31;181;212;143;51;15;93;55;707
275;Meyers Leonard\leoname01;PF;27;MIA;36;19.41666667;6.083333333;4.805555556;1.027777778;0.222222222;0.388888889;.538;.450;.688;36;699;86;160;.538;36;80;.450;50;80;.625;.650;11;16;.688;20;153;173;37;8;14;27;72;219
276;Caris LeVert\leverca01;SG;25;BRK;11;29.27272727;16.72727273;4.636363636;3.636363636;0.545454545;0.090909091;.436;.415;.625;9;322;71;163;.436;17;41;.415;54;122;.443;.488;25;40;.625;12;39;51;40;6;1;37;21;184
277;Damian Lillard\lillada01;PG;29;POR;36;36.88888889;26.94444444;4.166666667;7.611111111;1;0.416666667;.442;.362;.891;36;1328;301;681;.442;123;340;.362;178;341;.522;.532;245;275;.891;16;134;150;274;36;15;102;66;970
278;Nassir Little\littlna01;PF;19;POR;27;12.62962963;3.296296296;2.777777778;0.518518519;0.296296296;0.259259259;.384;.161;.667;3;341;33;86;.384;5;31;.161;28;55;.509;.413;18;27;.667;22;53;75;14;8;7;11;40;89
279;Kevon Looney\looneke01;C;23;GSW;10;10.5;2.6;2.9;0.4;0.3;0.2;.344;.500;.600;3;105;11;32;.344;1;2;.500;10;30;.333;.359;3;5;.600;15;14;29;4;3;2;6;17;26
280;Brook Lopez\lopezbr01;C;31;MIL;36;26.38888889;10.30555556;4.888888889;1.5;0.694444444;2.583333333;.408;.304;.864;36;950;131;321;.408;52;171;.304;79;150;.527;.489;57;66;.864;24;152;176;54;25;93;36;86;371
281;Robin Lopez\lopezro01;C;31;MIL;38;14.68421053;5.868421053;2.815789474;0.684210526;0.157894737;0.736842105;.519;.283;.486;2;558;94;181;.519;17;60;.283;77;121;.636;.566;18;37;.486;40;67;107;26;6;28;37;52;223
282;Kevin Love\loveke01;PF;31;CLE;31;30.74193548;16.83870968;10.22580645;2.903225806;0.548387097;0.419354839;.461;.385;.851;31;953;172;373;.461;75;195;.385;97;178;.545;.562;103;121;.851;28;289;317;90;17;13;84;44;522
283;Kyle Lowry\lowryky01;PG;33;TOR;26;38.30769231;21;4.692307692;7.5;1.115384615;0.461538462;.408;.353;.870;26;996;161;395;.408;83;235;.353;78;160;.488;.513;141;162;.870;14;108;122;195;29;12;79;81;546
284;Timothé Luwawu-Cabarrot\luwawti01;SG;24;BRK;14;17.57142857;5;2.142857143;0.714285714;0.428571429;0.071428571;.371;.333;.737;0;246;23;62;.371;10;30;.333;13;32;.406;.452;14;19;.737;7;23;30;10;6;1;15;26;70
285;Trey Lyles\lylestr01;PF;24;SAS;35;17.08571429;4.771428571;5.828571429;1.228571429;0.257142857;0.314285714;.405;.337;.682;25;598;62;153;.405;28;83;.337;34;70;.486;.497;15;22;.682;41;163;204;43;9;11;21;44;167
286;Daryl Macon\maconda01;SG;24;MIA;4;3.5;0.75;0;0.25;0;0;.333;.500;;0;14;1;3;.333;1;2;.500;0;1;.000;.500;0;0;;0;0;0;1;0;0;2;1;3
287;Josh Magette\magetjo01;PG;30;ORL;6;2.5;1.166666667;0.5;0.333333333;0.333333333;0;.375;;.500;0;15;3;8;.375;0;0;;3;8;.375;.375;1;2;.500;1;2;3;2;2;0;4;0;7
288;Ian Mahinmi\mahinia01;C;33;WAS;16;21.5;7.5625;5.6875;1.1875;0.75;1.625;.518;.231;.556;13;344;44;85;.518;3;13;.231;41;72;.569;.535;30;54;.556;37;54;91;19;12;26;23;48;121
289;Thon Maker\makerth01;C;22;DET;36;11.02777778;3.722222222;1.944444444;0.416666667;0.305555556;0.5;.512;.370;.623;3;397;43;84;.512;10;27;.370;33;57;.579;.571;38;61;.623;22;48;70;15;11;18;23;49;134
290;Terance Mann\mannte01;SG;23;LAC;22;9.227272727;2.363636364;1.136363636;1.272727273;0.272727273;0.136363636;.500;.222;.800;5;203;21;42;.500;2;9;.222;19;33;.576;.524;8;10;.800;3;22;25;28;6;3;12;26;52
291;Boban Marjanović\marjabo01;C;31;DAL;18;9.444444444;5;4.055555556;0.444444444;0.111111111;0.166666667;.543;.000;.700;1;170;38;70;.543;0;4;.000;38;66;.576;.543;14;20;.700;19;54;73;8;2;3;14;29;90
292;Lauri Markkanen\markkla01;PF;22;CHI;37;30.27027027;15.43243243;6.675675676;1.594594595;0.864864865;0.540540541;.423;.350;.827;37;1120;191;452;.423;84;240;.350;107;212;.505;.515;105;127;.827;45;202;247;59;32;20;62;72;571
293;Caleb Martin\martica02;SF;24;CHO;5;6.4;1.8;1;0.6;0.2;0.4;.300;.000;.600;0;32;3;10;.300;0;3;.000;3;7;.429;.300;3;5;.600;1;4;5;3;1;2;3;3;9
294;Cody Martin\martico01;SF;24;CHO;29;14.72413793;4.034482759;2.620689655;1.172413793;0.75862069;0.172413793;.408;.211;.690;0;427;40;98;.408;8;38;.211;32;60;.533;.449;29;42;.690;17;59;76;34;22;5;17;43;117
295;Kelan Martin\martike03;SF;24;MIN;17;17.35294118;5.764705882;3.411764706;0.529411765;0.176470588;0.294117647;.358;.263;1.000;3;295;39;109;.358;15;57;.263;24;52;.462;.427;5;5;1.000;5;53;58;9;3;5;6;32;98
296;Frank Mason\masonfr01;PG;25;MIL;4;4.5;1.25;0.5;1.25;0.25;0;.143;.250;.500;0;18;1;7;.143;1;4;.250;0;3;.000;.214;2;4;.500;1;1;2;5;1;0;1;2;5
297;Garrison Mathews\mathega01;SG;23;WAS;15;13.06666667;6.2;1.533333333;0.666666667;0.2;0.066666667;.460;.429;.906;0;196;23;50;.460;18;42;.429;5;8;.625;.640;29;32;.906;6;17;23;10;3;1;7;26;93
298;Wesley Matthews\matthwe02;SG;33;MIL;35;24.11428571;7.742857143;2.4;1.371428571;0.714285714;0.171428571;.422;.376;.795;35;844;92;218;.422;56;149;.376;36;69;.522;.550;31;39;.795;7;77;84;48;25;6;24;52;271
299;Patrick McCaw\mccawpa01;SF;24;TOR;16;26.875;6.125;2.5625;1.9375;1.25;0.0625;.424;.350;.750;10;430;39;92;.424;14;40;.350;25;52;.481;.500;6;8;.750;8;33;41;31;20;1;17;28;98
300;CJ McCollum\mccolcj01;SG;28;POR;37;36.48648649;21.94594595;4.297297297;3.837837838;0.810810811;0.648648649;.453;.365;.802;37;1350;324;716;.453;95;260;.365;229;456;.502;.519;69;86;.802;28;131;159;142;30;24;68;95;812
301;T.J. McConnell\mccontj01;PG;27;IND;35;18.71428571;7;2.685714286;5.285714286;0.628571429;0.142857143;.512;.364;.826;0;655;111;217;.512;4;11;.364;107;206;.519;.521;19;23;.826;19;75;94;185;22;5;50;37;245
302;Jalen McDaniels\mcdanja01;PF;22;CHO;2;3.5;2;0.5;0;0;0;.400;.000;;0;7;2;5;.400;0;1;.000;2;4;.500;.400;0;0;;1;0;1;0;0;0;0;0;4
303;Doug McDermott\mcderdo01;PF;28;IND;37;20.81081081;9.540540541;2.621621622;1.054054054;0.108108108;0.081081081;.468;.453;.808;0;770;132;282;.468;68;150;.453;64;132;.485;.589;21;26;.808;16;81;97;39;4;3;25;66;353
304;JaVale McGee\mcgeeja01;C;32;LAL;37;16.51351351;6.891891892;5.783783784;0.648648649;0.540540541;1.675675676;.624;.667;.659;37;611;113;181;.624;2;3;.667;111;178;.624;.630;27;41;.659;70;144;214;24;20;62;28;88;255
305;Rodney McGruder\mcgruro01;SG;28;LAC;26;16.80769231;3.769230769;2.846153846;0.615384615;0.5;0.230769231;.394;.315;.500;2;437;37;94;.394;17;54;.315;20;40;.500;.484;7;14;.500;15;59;74;16;13;6;9;44;98
306;Alfonzo McKinnie\mckinal01;SF;27;CLE;23;10.95652174;2.739130435;2.130434783;0.173913043;0.347826087;0.130434783;.353;.286;.636;0;252;24;68;.353;8;28;.286;16;40;.400;.412;7;11;.636;15;34;49;4;8;3;11;27;63
307;Jordan McLaughlin\mclaujo01;PG;23;MIN;6;15.66666667;5;1.666666667;2.666666667;0.833333333;0;.344;.267;1.000;0;94;11;32;.344;4;15;.267;7;17;.412;.406;4;4;1.000;1;9;10;16;5;0;5;6;30
308;Ben McLemore\mclembe01;SG;26;HOU;35;23.57142857;9.828571429;2.4;0.942857143;0.685714286;0.228571429;.404;.354;.800;8;825;112;277;.404;84;237;.354;28;40;.700;.556;36;45;.800;13;71;84;33;24;8;29;71;344
309;Jordan McRae\mcraejo01;SG;28;WAS;20;22.25;13;3.25;2.8;0.7;0.55;.438;.446;.789;2;445;91;208;.438;33;74;.446;58;134;.433;.517;45;57;.789;10;55;65;56;14;11;25;42;260
310;Nicolò Melli\mellini01;C;29;NOP;26;14.23076923;5.076923077;2.346153846;1;0.538461538;0.192307692;.394;.307;.767;3;370;43;109;.394;23;75;.307;20;34;.588;.500;23;30;.767;14;47;61;26;14;5;18;45;132
311;De'Anthony Melton\meltode01;PG;21;MEM;27;16.92592593;7.555555556;3.851851852;2.814814815;1.296296296;0.259259259;.452;.319;.891;0;457;70;155;.452;15;47;.319;55;108;.509;.500;49;55;.891;22;82;104;76;35;7;39;51;204
312;Chimezie Metu\metuch01;PF;22;SAS;11;3.727272727;2.727272727;1.545454545;0.272727273;0.090909091;0.272727273;.591;;.667;0;41;13;22;.591;0;0;;13;22;.591;.591;4;6;.667;8;9;17;3;1;3;1;1;30
313;Khris Middleton\middlkh01;SF;28;MIL;31;28.38709677;18.67741935;5.64516129;3.806451613;0.935483871;0.193548387;.476;.389;.901;28;880;216;454;.476;65;167;.389;151;287;.526;.547;82;91;.901;28;147;175;118;29;6;64;72;579
314;C.J. Miles\milescj01;SG;32;WAS;10;16.1;6.4;1.2;1.2;1;0.4;.322;.314;.750;0;161;19;59;.322;11;35;.314;8;24;.333;.415;15;20;.750;4;8;12;12;10;4;4;14;64
315;Malcolm Miller\millema01;SF;26;TOR;20;5.5;0.9;0.7;0.4;0.2;0.1;.316;.333;.167;1;110;6;19;.316;5;15;.333;1;4;.250;.447;1;6;.167;1;13;14;8;4;2;3;10;18
316;Patty Mills\millspa02;PG;31;SAS;35;23.17142857;11.65714286;1.571428571;2.057142857;0.828571429;0.142857143;.443;.418;.790;1;811;139;314;.443;81;194;.418;58;120;.483;.572;49;62;.790;10;45;55;72;29;5;34;51;408
317;Paul Millsap\millspa01;PF;34;DEN;32;24.9375;11.875;5.8125;1.40625;0.875;0.6875;.468;.413;.885;32;798;132;282;.468;31;75;.413;101;207;.488;.523;85;96;.885;64;122;186;45;28;22;42;90;380
318;Shake Milton\miltosh01;SG;23;PHI;11;9;4.090909091;1.363636364;0.727272727;0.090909091;0.090909091;.366;.227;.769;0;99;15;41;.366;5;22;.227;10;19;.526;.427;10;13;.769;2;13;15;8;1;1;13;15;45
319;Donovan Mitchell\mitchdo01;SG;23;UTA;36;35.02777778;24.97222222;4.5;4.388888889;1.083333333;0.277777778;.462;.360;.840;36;1261;336;727;.462;80;222;.360;256;505;.507;.517;147;175;.840;27;135;162;158;39;10;89;86;899
320;Naz Mitrou-Long\mitrona01;SG;26;IND;3;14.33333333;4.666666667;2;2.333333333;0.333333333;0.333333333;.375;.182;;0;43;6;16;.375;2;11;.182;4;5;.800;.438;0;0;;0;6;6;7;1;1;2;1;14
321;Adam Mokoka\mokokad01;G;21;CHI;2;3;0;1;0;0;0;.000;.000;;0;6;0;5;.000;0;2;.000;0;3;.000;.000;0;0;;2;0;2;0;0;0;0;0;0
322;Malik Monk\monkma01;SG;21;CHO;38;19.84210526;8.710526316;2.710526316;1.947368421;0.473684211;0.210526316;.426;.263;.820;0;754;127;298;.426;36;137;.263;91;161;.565;.487;41;50;.820;16;87;103;74;18;8;48;54;331
323;E'Twaun Moore\mooreet01;SG;30;NOP;25;20.76;10.12;3.16;1.64;0.6;0.12;.425;.400;.630;3;519;99;233;.425;38;95;.400;61;138;.442;.506;17;27;.630;18;61;79;41;15;3;15;42;253
324;Ja Morant\moranja01;PG;20;MEM;32;29.375;17.84375;3.1875;6.59375;0.96875;0.28125;.485;.397;.797;32;940;212;437;.485;29;73;.397;183;364;.503;.518;118;148;.797;19;83;102;211;31;9;106;56;571
325;Juwan Morgan\morgaju01;PF;22;UTA;5;3.2;0;0.6;0.2;0;0.2;.000;.000;;0;16;0;1;.000;0;1;.000;0;0;;.000;0;0;;0;3;3;1;0;1;1;2;0
326;Marcus Morris\morrima03;SF;30;NYK;33;31.72727273;19.06060606;5.545454545;1.515151515;0.848484848;0.454545455;.438;.469;.830;33;1047;206;470;.438;90;192;.469;116;278;.417;.534;127;153;.830;38;145;183;50;28;15;54;99;629
327;Markieff Morris\morrima02;PF;30;DET;31;22.51612903;10.83870968;3.935483871;1.677419355;0.612903226;0.225806452;.470;.411;.745;15;698;124;264;.470;53;129;.411;71;135;.526;.570;35;47;.745;17;105;122;52;19;7;53;71;336
328;Monte Morris\morrimo01;PG;24;DEN;36;17.63888889;7.277777778;1.611111111;3.194444444;0.666666667;0.222222222;.445;.415;.778;0;635;106;238;.445;22;53;.415;84;185;.454;.492;28;36;.778;10;48;58;115;24;8;21;28;262
329;Johnathan Motley\motlejo01;PF;24;LAC;7;2.428571429;1.285714286;0.285714286;0.714285714;0.428571429;0;.600;1000;1.000;0;17;3;5;.600;1;1;1.000;2;4;.500;.700;2;2;1.000;1;1;2;5;3;0;4;5;9
330;Emmanuel Mudiay\mudiaem01;PG;23;UTA;33;16.57575758;7.393939394;2.606060606;2.333333333;0.333333333;0.212121212;.475;.340;.766;0;547;96;202;.475;16;47;.340;80;155;.516;.515;36;47;.766;11;75;86;77;11;7;51;51;244
331;Dejounte Murray\murrade01;PG;23;SAS;31;23.80645161;10.48387097;5.806451613;4.129032258;1.741935484;0.290322581;.487;.349;.793;23;738;132;271;.487;15;43;.349;117;228;.513;.515;46;58;.793;37;143;180;128;54;9;68;74;325
332;Jamal Murray\murraja01;PG;22;DEN;36;32.22222222;17.83333333;4.166666667;4.777777778;1.361111111;0.305555556;.440;.335;.915;36;1160;237;539;.440;61;182;.335;176;357;.493;.496;107;117;.915;30;120;150;172;49;11;78;64;642
333;Džanan Musa\musadz01;SF;20;BRK;26;13.07692308;4.538461538;1.961538462;1.038461538;0.384615385;0.038461538;.354;.208;.771;0;340;40;113;.354;11;53;.208;29;60;.483;.403;27;35;.771;10;41;51;27;10;1;24;19;118
334;Mike Muscala\muscami01;C;28;OKC;23;10.34782609;3.217391304;2.173913043;0.695652174;0.217391304;0.130434783;.304;.254;.917;0;238;24;79;.304;15;59;.254;9;20;.450;.399;11;12;.917;9;41;50;16;5;3;6;26;74
335;Sviatoslav Mykhailiuk\mykhasv01;SF;22;DET;33;19.36363636;7.212121212;1.393939394;1.545454545;0.606060606;0.060606061;.403;.430;.792;9;639;79;196;.403;61;142;.430;18;54;.333;.559;19;24;.792;8;38;46;51;20;2;34;43;238
336;Abdel Nader\naderab01;SF;26;OKC;29;16.79310345;6.413793103;1.586206897;0.655172414;0.379310345;0.344827586;.471;.384;.788;5;487;66;140;.471;28;73;.384;38;67;.567;.571;26;33;.788;8;38;46;19;11;10;26;42;186
337;Larry Nance\nancela02;C;27;CLE;31;24.32258065;8.032258065;7;1.516129032;0.806451613;0.483870968;.492;.337;.667;5;754;97;197;.492;29;86;.337;68;111;.613;.566;26;39;.667;51;166;217;47;25;15;30;48;249
338;Shabazz Napier\napiesh01;PG;28;MIN;23;21.43478261;9.652173913;2.434782609;4.173913043;1.173913043;0.260869565;.395;.274;.827;9;493;75;190;.395;29;106;.274;46;84;.548;.471;43;52;.827;6;50;56;96;27;6;45;34;222
339;Raul Neto\netora01;PG;27;PHI;30;11.16666667;3.933333333;1.033333333;1.466666667;0.466666667;0.066666667;.490;.421;.750;2;335;48;98;.490;16;38;.421;32;60;.533;.571;6;8;.750;5;26;31;44;14;2;26;22;118
340;Georges Niang\niangge01;PF;26;UTA;30;12.43333333;5.1;1.833333333;0.433333333;0.166666667;0.1;.478;.462;.700;0;373;55;115;.478;36;78;.462;19;37;.514;.635;7;10;.700;6;49;55;13;5;3;13;40;153
341;Nerlens Noel\noelne01;C;25;OKC;34;18.38235294;7.676470588;5.088235294;1.235294118;1.058823529;1.529411765;.660;;.808;3;625;101;153;.660;0;0;;101;153;.660;.660;59;73;.808;57;116;173;42;36;52;35;85;261
342;Zach Norvell\norveza01;SG;22;LAL;2;2.5;0;0.5;0;0;0;.000;;;0;5;0;1;.000;0;0;;0;1;.000;.000;0;0;;0;1;1;0;0;0;0;0;0
343;Jaylen Nowell\nowelja01;SG;20;MIN;7;11.57142857;4.428571429;0.714285714;0.857142857;0;0.142857143;.355;.118;.875;0;81;11;31;.355;2;17;.118;9;14;.643;.387;7;8;.875;2;3;5;6;0;1;3;3;31
344;Frank Ntilikina\ntilila01;PG;21;NYK;35;22.31428571;5.942857143;2.114285714;3.142857143;1.057142857;0.371428571;.390;.330;.844;24;781;76;195;.390;29;88;.330;47;107;.439;.464;27;32;.844;13;61;74;110;37;13;45;93;208
345;Kendrick Nunn\nunnke01;SG;24;MIA;36;30.58333333;15.44444444;2.833333333;3.694444444;0.916666667;0.194444444;.438;.340;.800;36;1101;220;502;.438;72;212;.340;148;290;.510;.510;44;55;.800;10;92;102;133;33;7;66;86;556
346;David Nwaba\nwabada01;SF;27;BRK;20;13.4;5.2;2.25;0.4;0.55;0.6;.521;.429;.667;0;268;37;71;.521;12;28;.429;25;43;.581;.606;18;27;.667;8;37;45;8;11;12;8;32;104
347;Royce O'Neale\onealro01;PF;26;UTA;36;29.44444444;6.277777778;4.861111111;2.472222222;0.833333333;0.277777778;.469;.436;.778;33;1060;82;175;.469;48;110;.436;34;65;.523;.606;14;18;.778;6;169;175;89;30;10;31;106;226
348;Kyle O'Quinn\oquinky01;C;29;PHI;19;10.26315789;3.210526316;3.736842105;1.473684211;0.105263158;0.789473684;.491;.333;.375;1;195;26;53;.491;6;18;.333;20;35;.571;.547;3;8;.375;22;49;71;28;2;15;17;25;61
349;Semi Ojeleye\ojelese01;PF;25;BOS;32;14.5625;2.5;1.78125;0.46875;0.375;0.0625;.384;.370;.700;4;466;28;73;.384;17;46;.370;11;27;.407;.500;7;10;.700;10;47;57;15;12;2;6;37;80
350;Jahlil Okafor\okafoja01;C;24;NOP;21;16.38095238;7.761904762;4.428571429;1.380952381;0.238095238;0.714285714;.611;.500;.638;8;344;66;108;.611;1;2;.500;65;106;.613;.616;30;47;.638;34;59;93;29;5;15;31;55;163
351;Elie Okobo\okoboel01;PG;22;PHO;28;11.32142857;4.928571429;1.142857143;2.142857143;0.428571429;0.107142857;.442;.415;.644;1;317;46;104;.442;17;41;.415;29;63;.460;.524;29;45;.644;6;26;32;60;12;3;13;22;138
352;Josh Okogie\okogijo01;SG;21;MIN;34;23.61764706;7.588235294;4.441176471;1.411764706;0.911764706;0.411764706;.377;.253;.768;12;803;80;212;.377;22;87;.253;58;125;.464;.429;76;99;.768;43;108;151;48;31;14;51;71;258
353;KZ Okpala\okpalkz01;SF;20;MIA;3;1;0;0.333333333;0;0;0;;;;0;3;0;0;;0;0;;0;0;;;0;0;;0;1;1;0;0;0;1;0;0
354;Kelly Olynyk\olynyke01;C;28;MIA;35;20.08571429;7.714285714;4.542857143;1.2;0.685714286;0.285714286;.447;.415;.882;0;703;88;197;.447;49;118;.415;39;79;.494;.571;45;51;.882;28;131;159;42;24;10;40;91;270
355;Miye Oni\onimi01;SG;22;UTA;3;2.666666667;0;0.333333333;0;0;0;;;;0;8;0;0;;0;0;;0;0;;;0;0;;0;1;1;0;0;0;1;0;0
356;Cedi Osman\osmande01;SF;24;CLE;37;28.97297297;10.62162162;3.216216216;2.108108108;0.918918919;0.324324324;.442;.379;.633;37;1072;148;335;.442;66;174;.379;82;161;.509;.540;31;49;.633;16;103;119;78;34;12;51;83;393
357;Kelly Oubre\oubreke01;SF;24;PHO;37;33.75675676;18.21621622;6.108108108;1.675675676;1.486486486;0.702702703;.460;.356;.790;37;1249;239;520;.460;68;191;.356;171;329;.520;.525;128;162;.790;46;180;226;62;55;26;57;119;674
358;Jabari Parker\parkeja01;PF;24;ATL;32;26.15625;15;5.96875;1.8125;1.3125;0.46875;.504;.270;.736;23;837;198;393;.504;31;115;.270;167;278;.601;.543;53;72;.736;54;137;191;58;42;15;60;93;480
359;Chandler Parsons\parsoch01;SF;31;ATL;5;10.8;2.8;1.4;0.6;0.8;0.2;.278;.286;;0;54;5;18;.278;4;14;.286;1;4;.250;.389;0;0;;1;6;7;3;4;1;3;3;14
360;Eric Paschall\pascher01;PF;23;GSW;33;27.66666667;14;4.515151515;1.727272727;0.424242424;0.303030303;.490;.288;.775;20;913;174;355;.490;21;73;.288;153;282;.543;.520;93;120;.775;43;106;149;57;14;10;52;61;462
361;Anžejs Pasečņiks\pasecan01;C;24;WAS;11;21;7.727272727;6.272727273;1;0.363636364;0.363636364;.515;.000;.586;0;231;34;66;.515;0;1;.000;34;65;.523;.515;17;29;.586;26;43;69;11;4;4;13;42;85
362;Patrick Patterson\pattepa01;PF;30;LAC;33;14.42424242;5.303030303;3;0.757575758;0.181818182;0.090909091;.406;.385;.708;15;476;58;143;.406;42;109;.385;16;34;.471;.552;17;24;.708;25;74;99;25;6;3;11;26;175
363;Justin Patton\pattoju01;C;22;OKC;2;4.5;1;1;0;0;0;.333;.000;;0;9;1;3;.333;0;1;.000;1;2;.500;.333;0;0;;0;2;2;0;0;0;1;4;2
364;Chris Paul\paulch01;PG;34;OKC;37;31.94594595;16.64864865;5.054054054;6.459459459;1.540540541;0.135135135;.470;.373;.905;37;1182;211;449;.470;60;161;.373;151;288;.524;.537;134;148;.905;12;175;187;239;57;5;77;89;616
365;Elfrid Payton\paytoel01;PG;25;NYK;19;24.68421053;8.157894737;4.052631579;5.947368421;1.473684211;0.368421053;.413;.265;.519;10;469;66;160;.413;9;34;.265;57;126;.452;.441;14;27;.519;22;55;77;113;28;7;37;37;155
366;Gary Payton\paytoga02;G;27;WAS;8;23.75;6;4.75;3;2.25;0.375;.426;.333;.500;6;190;20;47;.426;6;18;.333;14;29;.483;.489;2;4;.500;10;28;38;24;18;3;10;15;48
367;Norvel Pelle\pelleno01;SF;26;PHI;8;9.5;2.25;2.75;0.625;0;1.25;.583;;.667;0;76;7;12;.583;0;0;;7;12;.583;.583;4;6;.667;5;17;22;5;0;10;6;16;18
368;Theo Pinson\pinsoth01;SG;24;BRK;24;13.25;4.708333333;1.875;1.916666667;0.458333333;0.083333333;.296;.197;.938;0;318;42;142;.296;14;71;.197;28;71;.394;.345;15;16;.938;9;36;45;46;11;2;31;31;113
369;Mason Plumlee\plumlma01;C;29;DEN;36;17.19444444;6.805555556;5.472222222;2.305555556;0.583333333;0.694444444;.573;.000;.557;1;619;98;171;.573;0;4;.000;98;167;.587;.573;49;88;.557;63;134;197;83;21;25;53;78;245
370;Vincent Poirier\poirivi01;C;26;BOS;9;4.888888889;1.666666667;1.666666667;0.333333333;0.222222222;0.222222222;.500;;.500;0;44;7;14;.500;0;0;;7;14;.500;.500;1;2;.500;8;7;15;3;2;2;3;10;15
371;Jakob Pöltl\poeltja01;C;24;SAS;35;17.82857143;5.257142857;5.657142857;1.8;0.514285714;1.371428571;.602;;.533;7;624;80;133;.602;0;0;;80;133;.602;.602;24;45;.533;68;130;198;63;18;48;30;59;184
372;Shamorie Ponds\pondssh01;PG;21;TOR;4;2.75;2.25;0.25;0.5;0;0.25;.600;.500;1.000;0;11;3;5;.600;1;2;.500;2;3;.667;.700;2;2;1.000;0;1;1;2;0;1;0;2;9
373;Jordan Poole\poolejo01;SG;20;GSW;31;21.4516129;7.032258065;1.870967742;1.806451613;0.677419355;0.225806452;.261;.239;.850;9;665;67;257;.261;33;138;.239;34;119;.286;.325;51;60;.850;4;54;58;56;21;7;31;50;218
374;Kevin Porter\porteke02;SF;19;CLE;34;21.82352941;8.5;3.294117647;1.941176471;0.852941176;0.176470588;.439;.297;.727;2;742;111;253;.439;27;91;.297;84;162;.519;.492;40;55;.727;12;100;112;66;29;6;59;89;289
375;Michael Porter\portemi01;PF;21;DEN;27;10.7037037;6;2.888888889;0.481481481;0.111111111;0.407407407;.540;.372;.706;1;289;67;124;.540;16;43;.372;51;81;.630;.605;12;17;.706;24;54;78;13;3;11;19;38;162
376;Otto Porter\porteot01;SF;26;CHI;9;25.11111111;11.22222222;3.444444444;1.555555556;1;0.333333333;.417;.400;.750;9;226;35;84;.417;16;40;.400;19;44;.432;.512;15;20;.750;8;23;31;14;9;3;7;20;101
377;Bobby Portis\portibo01;C;24;NYK;37;20.83783784;9.864864865;5.567567568;1.27027027;0.567567568;0.243243243;.440;.382;.750;2;771;142;323;.440;42;110;.382;100;213;.469;.505;39;52;.750;53;153;206;47;21;9;38;67;365
378;Kristaps Porziņģis\porzikr01;PF;24;DAL;31;31.22580645;17.25806452;9.387096774;1.451612903;0.580645161;2.129032258;.403;.343;.725;31;968;190;472;.403;68;198;.343;122;274;.445;.475;87;120;.725;54;237;291;45;18;66;52;94;535
379;Dwight Powell\poweldw01;C;28;DAL;33;26.57575758;8.696969697;5.424242424;1.424242424;0.939393939;0.606060606;.608;.265;.667;30;877;110;181;.608;9;34;.265;101;147;.687;.633;58;87;.667;59;120;179;47;31;20;28;87;287
380;Norman Powell\powelno01;SG;26;TOR;27;28.88888889;14.37037037;3.888888889;1.703703704;1.111111111;0.407407407;.493;.389;.826;16;780;140;284;.493;51;131;.389;89;153;.582;.583;57;69;.826;15;90;105;46;30;11;43;52;388
381;Julius Randle\randlju01;PF;25;NYK;37;32.10810811;18.48648649;9.081081081;3.243243243;0.72972973;0.243243243;.449;.286;.697;37;1188;250;557;.449;44;154;.286;206;403;.511;.488;140;201;.697;80;256;336;120;27;9;108;101;684
382;Josh Reaves\reavejo02;G;22;DAL;2;0.5;0;0;0;0;0;.000;;;0;1;0;1;.000;0;0;;0;1;.000;.000;0;0;;0;0;0;0;0;0;0;0;0
383;Cam Reddish\reddica01;SF;20;ATL;33;25.63636364;8;3.787878788;1.575757576;0.96969697;0.424242424;.319;.264;.785;22;846;90;282;.319;33;125;.264;57;157;.363;.378;51;65;.785;21;104;125;52;32;14;57;62;264
384;J.J. Redick\redicjj01;SG;35;NOP;35;28.42857143;15.57142857;2.885714286;1.942857143;0.342857143;0.171428571;.451;.462;.895;31;995;171;379;.451;109;236;.462;62;143;.434;.595;94;105;.895;8;93;101;68;12;6;40;56;545
385;Naz Reid\reidna01;C;20;MIN;7;12;8.285714286;2.857142857;1;0.571428571;0.428571429;.423;.345;.500;0;84;22;52;.423;10;29;.345;12;23;.522;.519;4;8;.500;7;13;20;7;4;3;7;15;58
386;Josh Richardson\richajo01;SG;26;PHI;30;32;15.03333333;3.3;3.5;1.1;0.633333333;.434;.358;.768;30;960;167;385;.434;54;151;.358;113;234;.483;.504;63;82;.768;24;75;99;105;33;19;63;85;451
387;Austin Rivers\riverau01;SG;27;HOU;33;22.60606061;7.939393939;2.363636364;1.545454545;0.545454545;0.181818182;.411;.326;.682;2;746;95;231;.411;42;129;.326;53;102;.520;.502;30;44;.682;18;60;78;51;18;6;20;61;262
388;Duncan Robinson\robindu01;SF;25;MIA;36;27.25;11.75;3.25;0.888888889;0.583333333;0.277777778;.472;.444;.957;31;981;143;303;.472;115;259;.444;28;44;.636;.662;22;23;.957;6;111;117;32;21;10;24;98;423
389;Glenn Robinson\robingl02;SF;26;GSW;37;31.91891892;12.05405405;4.675675676;1.594594595;0.891891892;0.243243243;.454;.395;.833;37;1181;177;390;.454;47;119;.395;130;271;.480;.514;45;54;.833;51;122;173;59;33;9;34;68;446
390;Jerome Robinson\robinje01;SG;22;LAC;30;11.9;3.366666667;1.566666667;0.966666667;0.266666667;0.233333333;.352;.283;.588;0;357;38;108;.352;15;53;.283;23;55;.418;.421;10;17;.588;4;43;47;29;8;7;21;42;101
391;Justin Robinson\robinju01;PG;22;WAS;9;5.444444444;1.444444444;0.555555556;0.777777778;0;0.111111111;.417;.600;;0;49;5;12;.417;3;5;.600;2;7;.286;.542;0;0;;1;4;5;7;0;1;3;2;13
392;Mitchell Robinson\robinmi01;C;21;NYK;33;22.72727273;10.24242424;6.96969697;0.484848485;0.848484848;1.848484848;.709;;.622;7;750;141;199;.709;0;0;;141;199;.709;.709;56;90;.622;100;130;230;16;28;61;21;114;338
393;Rajon Rondo\rondora01;PG;33;LAL;25;21;6.96;3.44;5.44;0.96;0.08;.404;.369;.762;1;525;67;166;.404;24;65;.369;43;101;.426;.476;16;21;.762;11;75;86;136;24;2;53;30;174
394;Derrick Rose\rosede01;PG;31;DET;32;24.96875;17.46875;2.1875;5.75;0.90625;0.34375;.484;.330;.878;1;799;224;463;.484;32;97;.330;192;366;.525;.518;79;90;.878;16;54;70;184;29;11;80;33;559
395;Terrence Ross\rosste01;SG;28;ORL;35;25.08571429;13.4;2.8;0.885714286;0.971428571;0.314285714;.415;.341;.845;0;878;162;390;.415;74;217;.341;88;173;.509;.510;71;84;.845;9;89;98;31;34;11;34;54;469
396;Terry Rozier\roziete01;PG;25;CHO;39;33.94871795;18.02564103;4.384615385;4.41025641;1.153846154;0.179487179;.424;.391;.842;39;1324;250;590;.424;102;261;.391;148;329;.450;.510;101;120;.842;32;139;171;172;45;7;100;87;703
397;Ricky Rubio\rubiori01;PG;29;PHO;31;32.06451613;13.41935484;4.64516129;9.258064516;1.258064516;0.193548387;.412;.319;.833;31;994;150;364;.412;36;113;.319;114;251;.454;.462;80;96;.833;22;122;144;287;39;6;77;77;416
398;D'Angelo Russell\russeda01;SG;23;GSW;22;31.40909091;23.22727273;3.363636364;6.045454545;0.863636364;0.363636364;.433;.363;.767;22;691;179;413;.433;74;204;.363;105;209;.502;.523;79;103;.767;6;68;74;133;19;8;67;48;511
399;Domantas Sabonis\sabondo01;C;23;IND;35;34.28571429;17.77142857;13.02857143;4.2;0.885714286;0.6;.522;.256;.718;35;1200;250;479;.522;10;39;.256;240;440;.545;.532;112;156;.718;119;337;456;147;31;21;91;119;622
400;JaKarr Sampson\sampsja02;SF;26;IND;11;15.63636364;4.727272727;2.545454545;0.363636364;0.454545455;0.545454545;.571;.200;.286;7;172;24;42;.571;2;10;.200;22;32;.688;.595;2;7;.286;7;21;28;4;5;6;6;24;52
401;Dario Šarić\saricda01;PF;25;PHO;37;25.35135135;10.08108108;6.486486486;1.891891892;0.648648649;0.297297297;.438;.325;.830;34;938;139;317;.438;51;157;.325;88;160;.550;.519;44;53;.830;56;184;240;70;24;11;48;89;373
402;Tomáš Satoranský\satorto01;PG;28;CHI;37;28.78378378;10.08108108;3.756756757;5.513513514;1.459459459;0.135135135;.446;.376;.877;37;1065;136;305;.446;44;117;.376;92;188;.489;.518;57;65;.877;39;100;139;204;54;5;75;71;373
403;Admiral Schofield\schofad01;SF;22;WAS;22;11.04545455;2.818181818;1.227272727;0.545454545;0.318181818;0.136363636;.368;.297;.750;2;243;21;57;.368;11;37;.297;10;20;.500;.465;9;12;.750;4;23;27;12;7;3;7;37;62
404;Dennis Schröder\schrode01;PG;26;OKC;36;30.61111111;18.47222222;3.75;3.722222222;0.694444444;0.277777778;.467;.355;.814;0;1102;252;540;.467;65;183;.355;187;357;.524;.527;96;118;.814;11;124;135;134;25;10;103;79;665
405;Mike Scott\scottmi01;PF;31;PHI;38;18.44736842;5.894736842;3.184210526;0.605263158;0.315789474;0.052631579;.416;.348;.824;4;701;82;197;.416;46;132;.348;36;65;.554;.533;14;17;.824;26;95;121;23;12;2;14;51;224
406;Thabo Sefolosha\sefolth01;PF;35;HOU;23;9.869565217;1.739130435;2.086956522;0.652173913;0.391304348;0.173913043;.333;.276;.000;0;227;16;48;.333;8;29;.276;8;19;.421;.417;0;1;.000;12;36;48;15;9;4;7;21;40
407;Collin Sexton\sextoco01;SG;21;CLE;37;31.16216216;18.51351351;3.135135135;2.297297297;0.972972973;0.054054054;.451;.297;.830;37;1153;264;586;.451;35;118;.297;229;468;.489;.480;122;147;.830;37;79;116;85;36;2;76;76;685
408;Landry Shamet\shamela01;SG;22;LAC;21;26.47619048;8.952380952;1.952380952;1.571428571;0.476190476;0.19047619;.421;.393;.960;14;556;61;145;.421;42;107;.393;19;38;.500;.566;24;25;.960;3;38;41;33;10;4;19;64;188
409;Iman Shumpert\shumpim01;SG;29;BRK;13;18.53846154;4.153846154;2.615384615;0.923076923;0.923076923;0.153846154;.328;.242;.571;0;241;21;64;.328;8;33;.242;13;31;.419;.391;4;7;.571;9;25;34;12;12;2;10;21;54
410;Pascal Siakam\siakapa01;PF;25;TOR;27;36.62962963;25.07407407;8.037037037;3.592592593;0.962962963;0.962962963;.457;.392;.813;27;989;253;554;.457;67;171;.392;186;383;.486;.517;104;128;.813;38;179;217;97;26;26;72;77;677
411;Chris Silva\silvach01;PF;23;MIA;29;8.517241379;3.586206897;3.172413793;0.517241379;0.206896552;0.551724138;.691;.000;.683;0;247;38;55;.691;0;2;.000;38;53;.717;.691;28;41;.683;46;46;92;15;6;16;29;64;104
412;Ben Simmons\simmobe01;PG;23;PHI;36;35.36111111;14.94444444;7.5;8.583333333;2.166666667;0.722222222;.563;.400;.590;36;1273;219;389;.563;2;5;.400;217;384;.565;.566;98;166;.590;67;203;270;309;78;26;130;123;538
413;Anfernee Simons\simonan01;SG;20;POR;38;22.44736842;9.631578947;2.578947368;1.394736842;0.368421053;0.131578947;.419;.338;.774;1;853;139;332;.419;47;139;.338;92;193;.477;.489;41;53;.774;16;82;98;53;14;5;37;75;366
414;Alen Smailagić\smailal01;F;19;GSW;5;11.4;5;2.4;0.8;0.2;0.4;.500;.167;.857;0;57;9;18;.500;1;6;.167;8;12;.667;.528;6;7;.857;3;9;12;4;1;2;1;7;25
415;Marcus Smart\smartma01;SG;25;BOS;25;31.68;11.4;3.32;4.68;1.48;0.52;.363;.314;.778;19;792;97;267;.363;49;156;.314;48;111;.432;.455;42;54;.778;22;61;83;117;37;13;31;60;285
416;Dennis Smith\smithde03;PG;22;NYK;21;16.14285714;5.19047619;2.095238095;2.714285714;0.476190476;0.333333333;.325;.293;.500;1;339;41;126;.325;12;41;.293;29;85;.341;.373;15;30;.500;13;31;44;57;10;7;30;44;109
417;Ish Smith\smithis01;PG;31;WAS;36;26.13888889;11.44444444;2.888888889;4.333333333;0.833333333;0.361111111;.471;.371;.652;12;941;173;367;.471;36;97;.371;137;270;.507;.520;30;46;.652;16;88;104;156;30;13;45;57;412
418;Tony Snell\snellto01;SF;28;DET;34;25.79411765;8.147058824;1.764705882;1.352941176;0.411764706;0.147058824;.469;.435;1.000;32;877;100;213;.469;64;147;.435;36;66;.545;.620;13;13;1.000;6;54;60;46;14;5;14;57;277
419;Omari Spellman\spellom01;PF;22;GSW;35;16.88571429;7.314285714;4.914285714;0.885714286;0.685714286;0.514285714;.450;.381;.806;0;591;91;202;.450;24;63;.381;67;139;.482;.510;50;62;.806;65;107;172;31;24;18;40;34;256
420;Max Strus\strusma01;SG;23;CHI;2;3;2.5;0.5;0;0;0;.667;.000;1.000;0;6;2;3;.667;0;1;.000;2;2;1.000;.667;1;1;1.000;1;0;1;0;0;0;0;1;5
421;Edmond Sumner\sumneed01;PG;24;IND;13;14.23076923;4;1.384615385;1.538461538;0.615384615;0.307692308;.400;.250;.571;2;185;22;55;.400;4;16;.250;18;39;.462;.436;4;7;.571;7;11;18;20;8;4;7;22;52
422;Caleb Swanigan\swanica01;PF;22;SAC;6;3.333333333;0.833333333;1.166666667;0.166666667;0.166666667;0.333333333;.500;;.500;0;20;2;4;.500;0;0;;2;4;.500;.500;1;2;.500;2;5;7;1;1;2;5;6;5
423;Jayson Tatum\tatumja01;PF;21;BOS;34;34.23529412;21.14705882;6.852941176;2.794117647;1.323529412;0.852941176;.425;.363;.848;34;1164;263;619;.425;81;223;.363;182;396;.460;.490;112;132;.848;39;194;233;95;45;29;75;72;719
424;Jeff Teague\teaguje01;PG;31;MIN;30;28.63333333;13.86666667;2.666666667;6.266666667;0.8;0.366666667;.456;.392;.867;13;859;134;294;.456;31;79;.392;103;215;.479;.509;117;135;.867;13;67;80;188;24;11;68;63;416
425;Garrett Temple\templga01;SG;33;BRK;35;29.45714286;10.57142857;3.4;2.628571429;0.885714286;0.485714286;.366;.320;.769;25;1031;128;350;.366;74;231;.320;54;119;.454;.471;40;52;.769;21;98;119;92;31;17;45;64;370
426;Daniel Theis\theisda01;C;27;BOS;31;21.74193548;7.161290323;6.096774194;1.387096774;0.580645161;1.483870968;.508;.265;.705;30;674;91;179;.508;9;34;.265;82;145;.566;.534;31;44;.705;56;133;189;43;18;46;26;101;222
427;Isaiah Thomas\thomais02;PG;30;WAS;27;23.85185185;13;1.518518519;4.259259259;0.444444444;0.185185185;.417;.412;.855;24;644;125;300;.417;54;131;.412;71;169;.420;.507;47;55;.855;5;36;41;115;12;5;56;57;351
428;Khyri Thomas\thomakh01;SG;23;DET;2;3;0.5;0;0;0;0;;;.500;0;6;0;0;;0;0;;0;0;;;1;2;.500;0;0;0;0;0;0;0;0;1
429;Matt Thomas\thomama02;SG;25;TOR;13;11.61538462;5;1.461538462;0.307692308;0.307692308;0;.512;.500;.714;0;151;22;43;.512;16;32;.500;6;11;.545;.698;5;7;.714;1;18;19;4;4;0;6;13;65
430;Tristan Thompson\thomptr01;C;28;CLE;35;31.34285714;12.22857143;10.4;2.2;0.742857143;0.971428571;.496;.429;.602;35;1097;180;363;.496;3;7;.429;177;356;.497;.500;65;108;.602;139;225;364;77;26;34;67;82;428
431;Matisse Thybulle\thybuma01;SG;22;PHI;30;17.63333333;4.833333333;1.066666667;1.233333333;1.433333333;0.733333333;.438;.463;.667;3;529;49;112;.438;31;67;.463;18;45;.400;.576;16;24;.667;8;24;32;37;43;22;28;62;145
432;Anthony Tolliver\tollian01;PF;34;POR;28;16.21428571;3.357142857;2.821428571;0.821428571;0.285714286;0.25;.341;.343;.750;8;454;29;85;.341;24;70;.343;5;15;.333;.482;12;16;.750;17;62;79;23;8;7;20;41;94
433;Karl-Anthony Towns\townska01;C;24;MIN;23;33.86956522;26.47826087;11.69565217;4.391304348;1.043478261;1.260869565;.514;.418;.796;23;779;207;403;.514;82;196;.418;125;207;.604;.615;113;142;.796;63;206;269;101;24;29;72;80;609
434;Gary Trent\trentga02;SG;21;POR;25;12.08;3.96;1;0.48;0.32;0.2;.379;.377;1.000;2;302;36;95;.379;23;61;.377;13;34;.382;.500;4;4;1.000;5;20;25;12;8;5;8;20;99
435;Allonzo Trier\trieral01;PG;24;NYK;17;12.76470588;6.941176471;1.352941176;1.294117647;0.117647059;0.235294118;.493;.385;.795;1;217;36;73;.493;15;39;.385;21;34;.618;.596;31;39;.795;1;22;23;22;2;4;21;23;118
436;P.J. Tucker\tuckepj01;PF;34;HOU;35;36.02857143;8.542857143;7.257142857;1.4;1.171428571;0.457142857;.476;.384;.767;35;1261;109;229;.476;58;151;.384;51;78;.654;.603;23;30;.767;57;197;254;49;41;16;36;114;299
437;Rayjon Tucker\tuckera01;F;22;UTA;3;4;2.333333333;0.666666667;0;0;0;.600;.000;.333;0;12;3;5;.600;0;2;.000;3;3;1.000;.600;1;3;.333;1;1;2;0;0;0;0;0;7
438;Evan Turner\turneev01;PG;31;ATL;18;12.77777778;3.333333333;2;2;0.444444444;0.444444444;.381;.000;.857;0;230;24;63;.381;0;5;.000;24;58;.414;.381;12;14;.857;7;29;36;36;8;8;25;18;60
439;Myles Turner\turnemy01;C;23;IND;29;29.51724138;12.55172414;5.793103448;1.206896552;0.517241379;2.034482759;.454;.356;.728;29;856;129;284;.454;47;132;.356;82;152;.539;.537;59;81;.728;37;131;168;35;15;59;37;72;364
440;Jonas Valančiūnas\valanjo01;C;27;MEM;35;25;14.51428571;9.714285714;2;0.314285714;0.942857143;.593;.451;.750;35;875;214;361;.593;23;51;.451;191;310;.616;.625;57;76;.750;90;250;340;70;11;33;73;91;508
441;Denzel Valentine\valende01;SF;26;CHI;21;12.66666667;6.333333333;1.952380952;1;0.666666667;0.238095238;.417;.384;1.000;0;266;50;120;.417;28;73;.384;22;47;.468;.533;5;5;1.000;3;38;41;21;14;5;12;28;133
442;Jarred Vanderbilt\vandeja01;SF;20;DEN;4;3.25;0.5;0.5;0.25;0;0;1000;;;0;13;1;1;1.000;0;0;;1;1;1.000;1.000;0;0;;0;2;2;1;0;0;2;1;2
443;Fred VanVleet\vanvlfr01;PG;25;TOR;31;36.29032258;17.96774194;3.870967742;7.032258065;1.903225806;0.387096774;.394;.372;.847;31;1125;183;464;.394;80;215;.372;103;249;.414;.481;111;131;.847;9;111;120;218;59;12;77;69;557
444;Noah Vonleh\vonleno01;C;24;MIN;24;12.75;4.125;4.125;0.958333333;0.416666667;0.25;.534;.077;.833;1;306;39;73;.534;1;13;.077;38;60;.633;.541;20;24;.833;29;70;99;23;10;6;17;31;99
445;Nikola Vučević\vucevni01;C;29;ORL;26;31.42307692;18.15384615;11.30769231;3.461538462;0.846153846;0.961538462;.448;.360;.782;26;817;185;413;.448;41;114;.360;144;299;.482;.498;61;78;.782;70;224;294;90;22;25;30;53;472
446;Dean Wade\wadede01;PF;23;CLE;5;5.4;1.6;1.2;0;0.2;0;.750;1000;;0;27;3;4;.750;2;2;1.000;1;2;.500;1.000;0;0;;1;5;6;0;1;0;2;5;8
447;Moritz Wagner\wagnemo01;C;22;WAS;21;20.42857143;11.61904762;6.047619048;1.333333333;0.714285714;0.619047619;.581;.393;.837;4;429;93;160;.581;22;56;.393;71;104;.683;.650;36;43;.837;34;93;127;28;15;13;43;81;244
448;Kemba Walker\walkeke02;PG;29;BOS;30;32.33333333;22.5;3.9;5.233333333;0.933333333;0.6;.432;.398;.874;30;970;224;519;.432;109;274;.398;115;245;.469;.537;118;135;.874;25;92;117;157;28;18;69;47;675
449;Lonnie Walker\walkelo01;SG;21;SAS;27;11.55555556;5.481481481;2.037037037;0.592592593;0.296296296;0.148148148;.450;.364;.643;1;312;59;131;.450;12;33;.364;47;98;.480;.496;18;28;.643;12;43;55;16;8;4;18;32;148
450;Tyrone Wallace\wallaty01;SG;25;ATL;14;11.42857143;2.857142857;1.571428571;0.928571429;0.5;0.071428571;.318;.067;.647;0;160;14;44;.318;1;15;.067;13;29;.448;.330;11;17;.647;3;19;22;13;7;1;10;19;40
451;Taurean Waller-Prince\princta02;SF;25;BRK;36;30.52777778;12.16666667;6.777777778;2.083333333;0.916666667;0.444444444;.370;.361;.780;36;1099;158;427;.370;90;249;.361;68;178;.382;.475;32;41;.780;32;212;244;75;33;16;74;97;438
452;Derrick Walton\waltode01;PG;24;LAC;19;10.78947368;2.578947368;0.736842105;1.052631579;0.210526316;0;.500;.450;.857;1;205;17;34;.500;9;20;.450;8;14;.571;.632;6;7;.857;2;12;14;20;4;0;4;18;49
453;Brad Wanamaker\wanambr01;PG;30;BOS;34;18.73529412;6.411764706;2.088235294;2.735294118;0.705882353;0.264705882;.424;.326;.900;0;637;70;165;.424;15;46;.326;55;119;.462;.470;63;70;.900;12;59;71;93;24;9;41;63;218
454;T.J. Warren\warretj01;SF;26;IND;37;32.56756757;18.32432432;3.810810811;1.351351351;1;0.432432432;.507;.371;.839;37;1205;269;531;.507;46;124;.371;223;407;.548;.550;94;112;.839;35;106;141;50;37;16;45;97;678
455;PJ Washington\washipj01;PF;21;CHO;34;30.29411765;12.55882353;5.352941176;1.852941176;0.941176471;0.911764706;.481;.407;.655;34;1030;162;337;.481;48;118;.407;114;219;.521;.552;55;84;.655;30;152;182;63;32;31;50;93;427
456;Yuta Watanabe\watanyu01;SG;25;MEM;4;4.5;1.75;1.25;0;0;0.25;.500;.500;;0;18;3;6;.500;1;2;.500;2;4;.500;.583;0;0;;1;4;5;0;0;1;1;1;7
457;Tremont Waters\watertr01;PG;22;BOS;5;7.8;4.4;0.6;1;0.6;0.4;.400;.182;1.000;0;39;8;20;.400;2;11;.182;6;9;.667;.450;4;4;1.000;0;3;3;5;3;2;5;4;22
458;Russell Westbrook\westbru01;PG;31;HOU;31;35.29032258;24.09677419;7.935483871;7;1.548387097;0.387096774;.426;.235;.784;31;1094;280;657;.426;35;149;.235;245;508;.482;.453;152;194;.784;49;197;246;217;48;12;135;117;747
459;Coby White\whiteco01;SG;19;CHI;37;23.94594595;11.2972973;3.432432432;2.162162162;0.810810811;0.081081081;.371;.350;.759;0;886;154;415;.371;69;197;.350;85;218;.390;.454;41;54;.759;13;114;127;80;30;3;55;51;418
460;Derrick White\whitede01;SG;25;SAS;33;23.66666667;9.454545455;3.03030303;3.151515152;0.545454545;0.636363636;.463;.390;.806;11;781;111;240;.463;32;82;.390;79;158;.500;.529;58;72;.806;17;83;100;104;18;21;40;69;312
461;Hassan Whiteside\whiteha01;C;30;POR;35;29.94285714;15.8;13.97142857;1.314285714;0.428571429;2.914285714;.602;.500;.768;35;1048;228;379;.602;1;2;.500;227;377;.602;.603;96;125;.768;143;346;489;46;15;102;68;105;553
462;Andrew Wiggins\wiggian01;SF;24;MIN;28;35.53571429;24.07142857;5.392857143;3.25;0.714285714;1.071428571;.442;.323;.752;28;995;252;570;.442;61;189;.323;191;381;.501;.496;109;145;.752;38;113;151;91;20;30;71;68;674
463;Grant Williams\willigr01;PF;21;BOS;32;15.5;3.3125;2.34375;0.96875;0.40625;0.5;.380;.178;.688;1;496;38;100;.380;8;45;.178;30;55;.545;.420;22;32;.688;24;51;75;31;13;16;24;71;106
464;Johnathan Williams\willijo04;F;24;WAS;6;20.5;5.5;6.333333333;1;0.166666667;0.833333333;.682;.000;.600;5;123;15;22;.682;0;1;.000;15;21;.714;.682;3;5;.600;13;25;38;6;1;5;2;7;33
465;Kenrich Williams\willike04;PF;25;NOP;35;22.25714286;3.771428571;5.085714286;1.514285714;0.714285714;0.6;.343;.260;.375;18;779;49;143;.343;25;96;.260;24;47;.511;.430;9;24;.375;49;129;178;53;25;21;21;81;132
466;Lou Williams\willilo02;SG;33;LAC;35;30.25714286;19.6;3;6.314285714;0.657142857;0.142857143;.422;.374;.858;4;1059;226;535;.422;65;174;.374;161;361;.446;.483;169;197;.858;14;91;105;221;23;5;111;53;686
467;Marvin Williams\willima02;PF;33;CHO;33;20.12121212;7.303030303;2.727272727;1;0.696969697;0.454545455;.474;.398;.905;0;664;82;173;.474;39;98;.398;43;75;.573;.587;38;42;.905;13;77;90;33;23;15;21;58;241
468;Robert Williams\williro04;C;22;BOS;19;14.15789474;3.894736842;4.578947368;1.105263158;0.894736842;1.105263158;.673;;.571;1;269;33;49;.673;0;0;;33;49;.673;.673;8;14;.571;23;64;87;21;17;21;16;34;74
469;Nigel Williams-Goss\willini01;PG;25;UTA;8;3;0.25;0.5;0.5;0.125;0.125;.000;.000;1.000;0;24;0;5;.000;0;1;.000;0;4;.000;.000;2;2;1.000;2;2;4;4;1;1;2;1;2
470;D.J. Wilson\wilsodj01;PF;23;MIL;21;10;3.571428571;2;0.666666667;0;0.142857143;.443;.262;.667;0;210;31;70;.443;11;42;.262;20;28;.714;.521;2;3;.667;6;36;42;14;0;3;11;17;75
471;Justise Winslow\winslju01;SF;23;MIA;10;33.7;12.4;7.1;4.3;0.6;0.4;.394;.231;.667;5;337;50;127;.394;6;26;.231;44;101;.436;.417;18;27;.667;16;55;71;43;6;4;23;36;124
472;Christian Wood\woodch01;PF;24;DET;34;16.61764706;9.411764706;5.058823529;0.676470588;0.294117647;0.705882353;.582;.370;.698;1;565;113;194;.582;20;54;.370;93;140;.664;.634;74;106;.698;43;129;172;23;10;24;33;37;320
473;Delon Wright\wrighde01;SG;27;DAL;34;20.29411765;7.558823529;3.5;3.235294118;1.352941176;0.352941176;.495;.404;.846;2;690;95;192;.495;23;57;.404;72;135;.533;.555;44;52;.846;30;89;119;110;46;12;27;40;257
474;Thaddeus Young\youngth01;PF;31;CHI;36;21.83333333;8.722222222;4.472222222;1.861111111;1.083333333;0.277777778;.399;.325;.600;0;786;126;316;.399;38;117;.325;88;199;.442;.459;24;40;.600;54;107;161;67;39;10;52;66;314
475;Trae Young\youngtr01;PG;21;ATL;34;35.14705882;28.85294118;4.294117647;8.441176471;1.176470588;0.058823529;.448;.375;.850;34;1195;317;707;.448;120;320;.375;197;387;.509;.533;227;267;.850;16;130;146;287;40;2;163;57;981
476;Cody Zeller\zelleco01;C;27;CHO;36;23.16666667;11.66666667;7.333333333;1.194444444;0.611111111;0.416666667;.542;.298;.698;20;834;161;297;.542;17;57;.298;144;240;.600;.571;81;116;.698;105;159;264;43;22;15;52;92;420
477;Ante Žižić\zizican01;C;23;CLE;14;10.14285714;4.642857143;3.428571429;0.142857143;0.357142857;0.285714286;.605;;.867;0;142;26;43;.605;0;0;;26;43;.605;.605;13;15;.867;13;35;48;2;5;4;5;15;65
478;Ivica Zubac\zubaciv01;C;22;LAC;38;17.31578947;8.368421053;6.710526316;0.868421053;0.184210526;0.947368421;.595;.000;.739;36;658;125;210;.595;0;2;.000;125;208;.601;.595;68;92;.739;94;161;255;33;7;36;35;89;318
